game_date,team_id_home,team_id_away,model_prob_home,consensus_prob_home,prob_delta,upset_alert,high_disagreement,high_confidence,high_uncertainty
2022-10-18,1610612738.0,1610612755.0,0.5796734893698351,0.6078431372549019,-0.0281696478850668,False,False,False,False
2022-10-18,1610612744.0,1610612747.0,0.6663382492094855,0.7560975609756098,-0.0897593117661242,False,False,False,False
2022-10-19,1610612765.0,1610612753.0,0.5549742549528448,0.6363636363636364,-0.0813893814107915,False,False,False,False
2022-10-19,1610612763.0,1610612752.0,0.7115381165109267,0.6491228070175439,0.0624153094933828,False,False,True,False
2022-10-19,1610612761.0,1610612739.0,0.5575027290768008,0.5918367346938775,-0.0343340056170767,False,False,False,False
2022-10-19,1610612737.0,1610612745.0,0.5863084776091347,0.8333333333333334,-0.2470248557241986,False,True,False,False
2022-10-19,1610612748.0,1610612741.0,0.6319189118372973,0.75,-0.1180810881627026,False,True,False,False
2022-10-19,1610612750.0,1610612760.0,0.7622541040349395,0.8666666666666667,-0.1044125626317271,False,True,True,False
2022-10-19,1610612762.0,1610612743.0,0.6685904211164532,0.3125,0.3560904211164531,True,True,False,False
2022-10-19,1610612756.0,1610612742.0,0.6209082298699187,0.6428571428571429,-0.0219489129872242,False,False,False,False
2022-10-19,1610612758.0,1610612757.0,0.6437020692320142,0.6153846153846154,0.0283174538473988,False,False,False,False
2022-10-20,1610612755.0,1610612749.0,0.5273957737801526,0.6363636363636364,-0.1089678625834837,False,True,False,True
2022-10-20,1610612747.0,1610612746.0,0.4179895879180719,0.3703703703703703,0.0476192175477015,False,False,False,False
2022-10-21,1610612751.0,1610612761.0,0.4070580068041849,0.5833333333333334,-0.1762753265291484,False,True,False,False
2022-10-21,1610612748.0,1610612738.0,0.4746505710608653,0.4651162790697674,0.0095342919910978,False,False,False,True
2022-10-21,1610612752.0,1610612765.0,0.696395398999018,0.726027397260274,-0.0296319982612559,False,False,False,False
2022-10-21,1610612737.0,1610612753.0,0.7517242322180836,0.8,-0.0482757677819164,False,False,True,False
2022-10-21,1610612745.0,1610612763.0,0.2803149016044632,0.303030303030303,-0.0227154014258398,False,False,True,False
2022-10-21,1610612750.0,1610612762.0,0.5904796178226405,0.7619047619047619,-0.1714251440821214,False,True,False,False
2022-10-21,1610612744.0,1610612743.0,0.6596235596298458,0.696969696969697,-0.0373461373398512,False,False,False,False
2022-10-21,1610612757.0,1610612756.0,0.1828122826996663,0.3636363636363636,-0.1808240809366973,False,True,True,False
2022-10-22,1610612754.0,1610612765.0,0.5268038852223429,0.5238095238095238,0.002994361412819,False,False,False,True
2022-10-22,1610612753.0,1610612738.0,0.2890882571362757,0.25,0.0390882571362756,False,False,True,False
2022-10-22,1610612748.0,1610612761.0,0.6032443602067836,0.6153846153846154,-0.0121402551778317,False,False,False,False
2022-10-22,1610612741.0,1610612739.0,0.5187269201032013,0.4878048780487805,0.0309220420544208,False,False,False,True
2022-10-22,1610612749.0,1610612745.0,0.7635788305553688,0.9090909090909092,-0.1455120785355402,False,True,True,False
2022-10-22,1610612742.0,1610612763.0,0.624903927174263,0.6551724137931034,-0.0302684866188404,False,False,False,False
2022-10-22,1610612743.0,1610612760.0,0.7672143408068879,0.8,-0.0327856591931121,False,False,True,False
2022-10-22,1610612758.0,1610612746.0,0.4181754795836431,0.4545454545454545,-0.0363699749618114,False,False,False,False
2022-10-23,1610612747.0,1610612757.0,0.6820775730239232,0.6296296296296297,0.0524479433942935,False,False,False,False
2022-10-23,1610612737.0,1610612766.0,0.6477839107039449,0.8333333333333334,-0.1855494226293884,False,True,False,False
2022-10-23,1610612760.0,1610612750.0,0.2926445854567175,0.2222222222222222,0.0704223632344953,False,False,True,False
2022-10-23,1610612744.0,1610612758.0,0.7563417203027479,0.8333333333333334,-0.0769916130305854,False,False,True,False
2022-10-23,1610612746.0,1610612756.0,0.4989558512601965,0.4761904761904761,0.0227653750697203,False,False,False,True
2022-10-24,1610612755.0,1610612754.0,0.7188060056003414,0.8888888888888888,-0.1700828832885474,False,True,True,False
2022-10-24,1610612752.0,1610612753.0,0.720770964908595,0.75,-0.0292290350914049,False,False,True,False
2022-10-24,1610612748.0,1610612761.0,0.5805192789379428,0.6296296296296297,-0.0491103506916869,False,False,False,False
2022-10-24,1610612763.0,1610612751.0,0.6413518384375445,0.5454545454545454,0.0958972929829991,False,False,False,False
2022-10-24,1610612741.0,1610612738.0,0.5233359275395315,0.3571428571428571,0.1661930703966743,False,True,False,True
2022-10-24,1610612745.0,1610612762.0,0.3811470381562342,0.4651162790697674,-0.0839692409135332,False,False,False,False
2022-10-24,1610612757.0,1610612743.0,0.235316775259943,0.3448275862068966,-0.1095108109469535,False,True,True,False
2022-10-25,1610612760.0,1610612746.0,0.3259789261689916,0.3448275862068966,-0.0188486600379049,False,False,False,False
2022-10-25,1610612756.0,1610612744.0,0.5999233805721551,0.5454545454545454,0.0544688351176096,False,False,False,False
2022-10-26,1610612739.0,1610612753.0,0.7410360374873265,0.7959183673469388,-0.0548823298596122,False,False,True,False
2022-10-26,1610612765.0,1610612737.0,0.3496824310226762,0.2857142857142857,0.0639681453083905,False,False,False,False
2022-10-26,1610612752.0,1610612766.0,0.640308732120691,0.75,-0.109691267879309,False,True,False,False
2022-10-26,1610612749.0,1610612751.0,0.6308902678849124,0.6153846153846154,0.015505652500297,False,False,False,False
2022-10-26,1610612761.0,1610612755.0,0.6059443700135021,0.5348837209302325,0.0710606490832695,False,False,False,False
2022-10-26,1610612741.0,1610612754.0,0.5928802301080046,0.7368421052631579,-0.1439618751551532,False,True,False,False
2022-10-26,1610612762.0,1610612745.0,0.7048432293160166,0.782608695652174,-0.0777654663361573,False,False,True,False
2022-10-26,1610612757.0,1610612748.0,0.2942055427569965,0.4545454545454545,-0.160339911788458,False,True,True,False
2022-10-26,1610612743.0,1610612747.0,0.6736193347782554,0.6666666666666666,0.0069526681115887,False,False,False,False
2022-10-27,1610612751.0,1610612742.0,0.4241978954063611,0.4545454545454545,-0.0303475591390934,False,False,False,False
2022-10-27,1610612760.0,1610612746.0,0.5061342408766294,0.3125,0.1936342408766294,False,True,False,True
2022-10-27,1610612744.0,1610612748.0,0.6259814956059204,0.7058823529411765,-0.079900857335256,False,False,False,False
2022-10-27,1610612758.0,1610612763.0,0.3077869179231593,0.4545454545454545,-0.1467585366222952,False,True,False,False
2022-10-28,1610612765.0,1610612737.0,0.3578373996549858,0.3333333333333333,0.0245040663216524,False,False,False,False
2022-10-28,1610612753.0,1610612766.0,0.2873298535852822,0.4878048780487805,-0.2004750244634983,False,True,True,False
2022-10-28,1610612761.0,1610612755.0,0.5462964405676095,0.6153846153846154,-0.0690881748170059,False,False,False,True
2022-10-28,1610612738.0,1610612739.0,0.7023581454914793,0.726027397260274,-0.0236692517687946,False,False,True,False
2022-10-28,1610612750.0,1610612747.0,0.6767056369463171,0.7560975609756098,-0.0793919240292926,False,False,False,False
2022-10-28,1610612749.0,1610612752.0,0.6555963375198415,0.696969696969697,-0.0413733594498555,False,False,False,False
2022-10-28,1610612743.0,1610612762.0,0.5252920828675607,0.7560975609756098,-0.230805478108049,False,True,False,True
2022-10-28,1610612757.0,1610612745.0,0.3711317832357256,0.6428571428571429,-0.2717253596214173,False,True,False,False
2022-10-29,1610612758.0,1610612748.0,0.2977147789338057,0.4081632653061224,-0.1104484863723167,False,True,True,False
2022-10-29,1610612766.0,1610612744.0,0.531641649294536,0.2,0.3316416492945359,False,True,False,True
2022-10-29,1610612751.0,1610612754.0,0.6824819847326331,0.8571428571428571,-0.174660872410224,False,True,False,False
2022-10-29,1610612741.0,1610612755.0,0.5025058900426449,0.4545454545454545,0.0479604354971903,False,False,False,True
2022-10-29,1610612749.0,1610612737.0,0.6491255745288466,0.6825396825396826,-0.033414108010836,False,False,False,False
2022-10-29,1610612762.0,1610612763.0,0.5982053419612006,0.4166666666666667,0.1815386752945338,True,True,False,False
2022-10-29,1610612742.0,1610612760.0,0.7796711045762446,0.8333333333333334,-0.0536622287570888,False,False,True,False
2022-10-30,1610612739.0,1610612752.0,0.5891393983376386,0.6296296296296297,-0.040490231291991,False,False,False,False
2022-10-30,1610612765.0,1610612744.0,0.5048986909911087,0.2777777777777778,0.2271209132133309,False,True,False,True
2022-10-30,1610612742.0,1610612753.0,0.7853062477628443,0.8,-0.0146937522371557,False,False,True,False
2022-10-30,1610612756.0,1610612745.0,0.7780873845828478,0.9,-0.1219126154171522,False,True,True,False
2022-10-30,1610612747.0,1610612743.0,0.3391941195416597,0.4347826086956521,-0.0955884891539924,False,False,False,False
2022-10-31,1610612766.0,1610612758.0,0.6633764072089989,0.4166666666666667,0.2467097405423322,True,True,False,False
2022-10-31,1610612751.0,1610612754.0,0.5812566967403169,0.7674418604651163,-0.1861851637247994,False,True,False,False
2022-10-31,1610612761.0,1610612737.0,0.5300023047349925,0.5652173913043478,-0.0352150865693552,False,False,False,True
2022-10-31,1610612749.0,1610612765.0,0.8240828023908391,0.9,-0.0759171976091609,False,False,True,False
2022-10-31,1610612762.0,1610612763.0,0.5491700424198593,0.4545454545454545,0.0946245878744048,False,False,False,True
2022-10-31,1610612746.0,1610612745.0,0.7303186537962563,0.7872340425531915,-0.0569153887569352,False,False,True,False
2022-11-01,1610612751.0,1610612741.0,0.5206923274303633,0.5652173913043478,-0.0445250638739844,False,False,False,True
2022-11-01,1610612760.0,1610612753.0,0.5374368995994406,0.6078431372549019,-0.0704062376554612,False,False,False,True
2022-11-01,1610612748.0,1610612744.0,0.5971336096533751,0.5348837209302325,0.0622498887231426,False,False,False,False
2022-11-01,1610612756.0,1610612750.0,0.6689750943014175,0.6296296296296297,0.0393454646717879,False,False,False,False
2022-11-02,1610612739.0,1610612738.0,0.5045149075601314,0.4878048780487805,0.0167100295113509,False,False,False,True
2022-11-02,1610612741.0,1610612766.0,0.5567392403194075,0.7058823529411765,-0.149143112621769,False,True,False,False
2022-11-02,1610612748.0,1610612758.0,0.6336122845276493,0.6551724137931034,-0.0215601292654541,False,False,False,False
2022-11-02,1610612752.0,1610612737.0,0.5585309862120375,0.574468085106383,-0.0159370988943455,False,False,False,False
2022-11-02,1610612745.0,1610612746.0,0.426813934367371,0.3448275862068966,0.0819863481604744,False,False,False,False
2022-11-02,1610612749.0,1610612765.0,0.7759066642650838,0.8666666666666667,-0.0907600024015828,False,False,True,False
2022-11-02,1610612742.0,1610612762.0,0.6854421743935439,0.7142857142857143,-0.0288435398921703,False,False,False,False
2022-11-02,1610612757.0,1610612763.0,0.2961986335715335,0.3571428571428571,-0.0609442235713236,False,False,True,False
2022-11-03,1610612753.0,1610612744.0,0.3652112136108365,0.2222222222222222,0.1429889913886143,False,True,False,False
2022-11-03,1610612760.0,1610612743.0,0.3004839905464136,0.3225806451612903,-0.0220966546148767,False,False,False,False
2022-11-04,1610612754.0,1610612748.0,0.349496534143465,0.4347826086956521,-0.0852860745521871,False,False,False,False
2022-11-04,1610612755.0,1610612752.0,0.6122252180444947,0.5652173913043478,0.0470078267401469,False,False,False,False
2022-11-04,1610612765.0,1610612739.0,0.4996772175239081,0.4081632653061224,0.0915139522177856,False,False,False,True
2022-11-04,1610612738.0,1610612741.0,0.6587400326154867,0.7297297297297297,-0.0709896971142429,False,False,False,False
2022-11-04,1610612763.0,1610612766.0,0.7224484085459983,0.8571428571428571,-0.1346944485968587,False,True,True,False
2022-11-04,1610612742.0,1610612761.0,0.7075822121691127,0.6428571428571429,0.0647250693119697,False,False,True,False
2022-11-04,1610612756.0,1610612757.0,0.7994023685972085,0.875,-0.0755976314027915,False,False,True,False
2022-11-04,1610612750.0,1610612749.0,0.4655948582183393,0.4651162790697674,0.0004785791485718,False,False,False,True
2022-11-04,1610612747.0,1610612762.0,0.3773451777955566,0.6226415094339622,-0.2452963316384056,False,True,False,False
2022-11-05,1610612753.0,1610612758.0,0.4616939949445868,0.3846153846153846,0.0770786103292021,False,False,False,True
2022-11-05,1610612766.0,1610612751.0,0.5569501857775184,0.4166666666666667,0.1402835191108517,True,True,False,False
2022-11-05,1610612752.0,1610612738.0,0.5624876136431849,0.392156862745098,0.1703307508980868,True,True,False,False
2022-11-05,1610612750.0,1610612745.0,0.7265871587490874,0.75,-0.0234128412509125,False,False,True,False
2022-11-05,1610612749.0,1610612760.0,0.7872400301490514,0.6774193548387096,0.1098206753103417,False,True,True,False
2022-11-05,1610612756.0,1610612757.0,0.8026950393619874,0.8666666666666667,-0.0639716273046793,False,False,True,False
2022-11-06,1610612747.0,1610612739.0,0.3649218350590879,0.3571428571428571,0.0077789779162307,False,False,False,False
2022-11-06,1610612761.0,1610612741.0,0.6161582891229774,0.6363636363636364,-0.0202053472406589,False,False,False,False
2022-11-06,1610612746.0,1610612762.0,0.5149146044773312,0.6296296296296297,-0.1147150251522984,False,True,False,True
2022-11-07,1610612753.0,1610612745.0,0.5840789141306995,0.6551724137931034,-0.0710934996624039,False,False,False,False
2022-11-07,1610612765.0,1610612760.0,0.4623635432455053,0.4761904761904761,-0.0138269329449708,False,False,False,True
2022-11-07,1610612755.0,1610612756.0,0.480801695822453,0.4761904761904761,0.0046112196319768,False,False,False,True
2022-11-07,1610612737.0,1610612749.0,0.3859442059285319,0.3448275862068966,0.0411166197216353,False,False,False,False
2022-11-07,1610612748.0,1610612757.0,0.7231804107735783,0.6666666666666666,0.0565137441069116,False,False,True,False
2022-11-07,1610612741.0,1610612761.0,0.4411295963952364,0.574468085106383,-0.1333384887111466,False,True,False,False
2022-11-07,1610612763.0,1610612738.0,0.5131257741254627,0.4166666666666667,0.0964591074587959,False,False,False,True
2022-11-07,1610612750.0,1610612752.0,0.5772098183394909,0.5833333333333334,-0.0061235149938424,False,False,False,False
2022-11-07,1610612742.0,1610612751.0,0.700037076157311,0.6875,0.012537076157311,False,False,True,False
2022-11-07,1610612744.0,1610612758.0,0.6711527622375602,0.7674418604651163,-0.0962890982275561,False,False,False,False
2022-11-07,1610612762.0,1610612747.0,0.7220712696261603,0.7333333333333333,-0.0112620637071729,False,False,True,False
2022-11-07,1610612746.0,1610612739.0,0.4880204017123578,0.3846153846153846,0.1034050170969731,False,True,False,True
2022-11-09,1610612754.0,1610612743.0,0.3003689388743737,0.3703703703703703,-0.0700014314959966,False,False,False,False
2022-11-09,1610612766.0,1610612757.0,0.5882304552650839,0.4761904761904761,0.1120399790746077,False,True,False,False
2022-11-09,1610612753.0,1610612742.0,0.2408792456821218,0.238095238095238,0.0027840075868837,False,False,True,False
2022-11-09,1610612761.0,1610612745.0,0.7229424235879863,0.8181818181818182,-0.0952393945938319,False,False,True,False
2022-11-09,1610612751.0,1610612752.0,0.5206314278719631,0.6153846153846154,-0.0947531875126522,False,False,False,True
2022-11-09,1610612738.0,1610612765.0,0.8070611274799673,0.8888888888888888,-0.0818277614089215,False,False,True,False
2022-11-09,1610612737.0,1610612762.0,0.511025794100715,0.6428571428571429,-0.1318313487564278,False,True,False,True
2022-11-09,1610612750.0,1610612756.0,0.3899919710912078,0.5555555555555556,-0.1655635844643477,False,True,False,False
2022-11-09,1610612760.0,1610612749.0,0.277526954644002,0.5121951219512195,-0.2346681673072175,False,True,True,False
2022-11-09,1610612758.0,1610612739.0,0.3705484924557269,0.4,-0.0294515075442731,False,False,False,False
2022-11-09,1610612746.0,1610612747.0,0.6221327340710152,0.6,0.0221327340710152,False,False,False,False
2022-11-10,1610612737.0,1610612755.0,0.4508476424377224,0.5454545454545454,-0.094606903016823,False,False,False,True
2022-11-10,1610612748.0,1610612766.0,0.7068991534933029,0.8571428571428571,-0.1502437036495542,False,True,True,False
2022-11-11,1610612753.0,1610612756.0,0.2706637766885096,0.2857142857142857,-0.015050509025776,False,False,True,False
2022-11-11,1610612738.0,1610612743.0,0.5581908491231392,0.6428571428571429,-0.0846662937340037,False,False,False,False
2022-11-11,1610612752.0,1610612765.0,0.6733259866559322,0.7916666666666666,-0.1183406800107343,False,True,False,False
2022-11-11,1610612760.0,1610612761.0,0.3088227457200316,0.3636363636363636,-0.054813617916332,False,False,False,False
2022-11-11,1610612763.0,1610612750.0,0.6421549394564828,0.6296296296296297,0.0125253098268531,False,False,False,False
2022-11-11,1610612744.0,1610612739.0,0.5664158214061275,0.6,-0.0335841785938725,False,False,False,False
2022-11-11,1610612747.0,1610612758.0,0.3932672926348834,0.4,-0.0067327073651166,False,False,False,False
2022-11-12,1610612746.0,1610612751.0,0.562681880017907,0.5454545454545454,0.0172273345633615,False,False,False,False
2022-11-12,1610612765.0,1610612738.0,0.3198929013904009,0.2439024390243902,0.0759904623660106,False,False,False,False
2022-11-12,1610612754.0,1610612761.0,0.3566561509381988,0.6,-0.2433438490618011,False,True,False,False
2022-11-12,1610612755.0,1610612737.0,0.5351724152732819,0.6,-0.0648275847267181,False,False,False,True
2022-11-12,1610612748.0,1610612766.0,0.6645962102610962,0.6296296296296297,0.0349665806314665,False,False,False,False
2022-11-12,1610612742.0,1610612757.0,0.7430209229502385,0.7183098591549296,0.0247110637953088,False,False,True,False
2022-11-13,1610612752.0,1610612760.0,0.5944881773300428,0.6774193548387096,-0.0829311775086668,False,False,False,False
2022-11-13,1610612739.0,1610612750.0,0.4885973692928848,0.5238095238095238,-0.035212154516639,False,False,False,True
2022-11-13,1610612755.0,1610612762.0,0.6051978339919266,0.6153846153846154,-0.0101867813926888,False,False,False,False
2022-11-13,1610612741.0,1610612743.0,0.5327032158800776,0.4878048780487805,0.0448983378312971,False,False,False,True
2022-11-13,1610612758.0,1610612744.0,0.506671619473758,0.3846153846153846,0.1220562348583734,False,True,False,True
2022-11-13,1610612747.0,1610612751.0,0.4306539543091018,0.3636363636363636,0.0670175906727381,False,False,False,False
2022-11-14,1610612753.0,1610612766.0,0.5646423963014573,0.4878048780487805,0.0768375182526768,False,False,False,False
2022-11-14,1610612765.0,1610612761.0,0.3287606729299833,0.4,-0.0712393270700167,False,False,False,False
2022-11-14,1610612748.0,1610612756.0,0.409725043132025,0.5833333333333334,-0.1736082902013083,False,True,False,False
2022-11-14,1610612738.0,1610612760.0,0.769636096232261,0.8666666666666667,-0.0970305704344056,False,False,True,False
2022-11-14,1610612745.0,1610612746.0,0.4280716821960277,0.3703703703703703,0.0577013118256573,False,False,False,False
2022-11-14,1610612749.0,1610612737.0,0.5870709443310709,0.6296296296296297,-0.0425586852985587,False,False,False,False
2022-11-15,1610612742.0,1610612746.0,0.707185275807028,0.7222222222222222,-0.0150369464151942,False,False,True,False
2022-11-15,1610612762.0,1610612752.0,0.7119445113775238,0.6363636363636364,0.0755808750138874,False,False,True,False
2022-11-15,1610612758.0,1610612751.0,0.4962302166111486,0.5555555555555556,-0.059325338944407,False,False,False,True
2022-11-16,1610612766.0,1610612754.0,0.5809805526363839,0.5238095238095238,0.05717102882686,False,False,False,False
2022-11-16,1610612753.0,1610612750.0,0.3775160413998608,0.2857142857142857,0.091801755685575,False,False,False,False
2022-11-16,1610612737.0,1610612738.0,0.454102399168292,0.5238095238095238,-0.0697071246412318,False,False,False,True
2022-11-16,1610612761.0,1610612748.0,0.5718536053943548,0.6153846153846154,-0.0435310099902606,False,False,False,False
2022-11-16,1610612749.0,1610612739.0,0.5865438531677762,0.5652173913043478,0.0213264618634284,False,False,False,False
2022-11-16,1610612742.0,1610612745.0,0.7380571425323867,0.7142857142857143,0.0237714282466724,False,False,True,False
2022-11-16,1610612743.0,1610612752.0,0.7018666287982802,0.5652173913043478,0.1366492374939324,False,True,True,False
2022-11-16,1610612756.0,1610612744.0,0.6090964095306615,0.4545454545454545,0.1545509549852069,False,True,False,False
2022-11-17,1610612757.0,1610612751.0,0.5280844852952294,0.5833333333333334,-0.0552488480381039,False,False,False,True
2022-11-17,1610612746.0,1610612765.0,0.6852053466274445,0.8333333333333334,-0.1481279867058889,False,True,False,False
2022-11-18,1610612755.0,1610612749.0,0.5598541484861286,0.5,0.0598541484861285,False,False,False,False
2022-11-18,1610612739.0,1610612766.0,0.6761456996057823,0.8333333333333334,-0.157187633727551,False,True,False,False
2022-11-18,1610612745.0,1610612754.0,0.3626105914359701,0.3448275862068966,0.0177830052290735,False,False,False,False
2022-11-18,1610612763.0,1610612760.0,0.7432503776790844,0.7058823529411765,0.0373680247379079,False,False,True,False
2022-11-18,1610612741.0,1610612753.0,0.6364081559363644,0.7938144329896907,-0.1574062770533263,False,True,False,False
2022-11-18,1610612742.0,1610612743.0,0.557382880710652,0.8,-0.242617119289348,False,True,False,False
2022-11-18,1610612762.0,1610612756.0,0.5026256699671509,0.5121951219512195,-0.0095694519840686,False,False,False,True
2022-11-18,1610612744.0,1610612752.0,0.573667386009444,0.7297297297297297,-0.1560623437202857,False,True,False,False
2022-11-18,1610612747.0,1610612765.0,0.6058685753495399,0.7142857142857143,-0.1084171389361744,False,True,False,False
2022-11-19,1610612737.0,1610612761.0,0.4492752216555244,0.6825396825396826,-0.2332644608841581,False,True,False,False
2022-11-19,1610612754.0,1610612753.0,0.6209795386052888,0.7560975609756098,-0.135118022370321,False,True,False,False
2022-11-19,1610612755.0,1610612750.0,0.5099020276790366,0.4166666666666667,0.0932353610123699,False,False,False,True
2022-11-19,1610612757.0,1610612762.0,0.5477744150164956,0.6491228070175439,-0.1013483920010482,False,True,False,True
2022-11-20,1610612756.0,1610612752.0,0.7208273243268851,0.7058823529411765,0.0149449713857086,False,False,True,False
2022-11-20,1610612758.0,1610612765.0,0.7453790068320777,0.8461538461538461,-0.1007748393217684,False,True,True,False
2022-11-20,1610612739.0,1610612748.0,0.5872555112584862,0.726027397260274,-0.1387718860017878,False,True,False,False
2022-11-20,1610612751.0,1610612763.0,0.553805105811433,0.75,-0.1961948941885669,False,True,False,False
2022-11-20,1610612745.0,1610612744.0,0.2891246931170299,0.2,0.0891246931170298,False,False,True,False
2022-11-20,1610612742.0,1610612743.0,0.5605173846458535,0.8333333333333334,-0.2728159486874798,False,True,False,False
2022-11-21,1610612739.0,1610612737.0,0.5508566508041304,0.6,-0.0491433491958696,False,False,False,False
2022-11-21,1610612754.0,1610612753.0,0.5549770018188677,0.7297297297297297,-0.174752727910862,False,True,False,False
2022-11-21,1610612749.0,1610612757.0,0.7369801521790162,0.8181818181818182,-0.0812016660028019,False,False,True,False
2022-11-21,1610612760.0,1610612752.0,0.5889124347564654,0.5555555555555556,0.0333568792009097,False,False,False,False
2022-11-21,1610612741.0,1610612738.0,0.4489274109956408,0.3636363636363636,0.0852910473592771,False,False,False,False
2022-11-21,1610612750.0,1610612748.0,0.6608600298892169,0.782608695652174,-0.121748665762957,False,True,False,False
2022-11-21,1610612746.0,1610612762.0,0.5685542015208473,0.5833333333333334,-0.014779131812486,False,False,False,False
2022-11-22,1610612755.0,1610612751.0,0.6219555014643198,0.273972602739726,0.3479828987245937,True,True,False,False
2022-11-22,1610612763.0,1610612758.0,0.7180145254187922,0.6,0.1180145254187922,False,True,True,False
2022-11-22,1610612743.0,1610612765.0,0.7721576436990262,0.8666666666666667,-0.0945090229676405,False,False,True,False
2022-11-22,1610612756.0,1610612747.0,0.7327204005234966,0.8076923076923077,-0.074971907168811,False,False,True,False
2022-11-23,1610612754.0,1610612750.0,0.3812465738607226,0.4651162790697674,-0.0838697052090448,False,False,False,False
2022-11-23,1610612766.0,1610612755.0,0.4143876087966074,0.6363636363636364,-0.2219760275670289,False,True,False,False
2022-11-23,1610612739.0,1610612757.0,0.6856727213408697,0.7368421052631579,-0.0511693839222882,False,False,False,False
2022-11-23,1610612761.0,1610612751.0,0.6638854081965767,0.4545454545454545,0.2093399536511221,False,True,False,False
2022-11-23,1610612738.0,1610612742.0,0.4518943953653476,0.6825396825396826,-0.2306452871743349,False,True,False,True
2022-11-23,1610612737.0,1610612758.0,0.7034711531499322,0.6491228070175439,0.0543483461323883,False,False,True,False
2022-11-23,1610612760.0,1610612743.0,0.4518796024420311,0.5238095238095238,-0.0719299213674927,False,False,False,True
2022-11-23,1610612749.0,1610612741.0,0.6654375118872319,0.7222222222222222,-0.0567847103349903,False,False,False,False
2022-11-23,1610612762.0,1610612765.0,0.8013163372822089,0.8666666666666667,-0.0653503293844578,False,False,True,False
2022-11-23,1610612744.0,1610612746.0,0.5122651036863428,0.8181818181818182,-0.3059167144954754,False,True,False,True
2022-11-25,1610612766.0,1610612750.0,0.3560457528779629,0.3225806451612903,0.0334651077166726,False,False,False,False
2022-11-25,1610612753.0,1610612755.0,0.3190552750819642,0.5555555555555556,-0.2365002804735914,False,True,False,False
2022-11-25,1610612752.0,1610612757.0,0.6154963146578912,0.6296296296296297,-0.0141333149717384,False,False,False,False
2022-11-25,1610612754.0,1610612751.0,0.5579687239934079,0.425531914893617,0.1324368090997909,True,True,False,False
2022-11-25,1610612749.0,1610612739.0,0.6185175398332987,0.6428571428571429,-0.0243396030238441,False,False,False,False
2022-11-25,1610612745.0,1610612737.0,0.269807279993294,0.2898550724637681,-0.0200477924704741,False,False,True,False
2022-11-25,1610612760.0,1610612741.0,0.4368168398181471,0.4347826086956521,0.0020342311224949,False,False,False,False
2022-11-25,1610612738.0,1610612758.0,0.7364709623618617,0.75,-0.0135290376381382,False,False,True,False
2022-11-25,1610612756.0,1610612765.0,0.7672393677027346,0.9,-0.1327606322972654,False,True,True,False
2022-11-25,1610612744.0,1610612762.0,0.4824902813115673,0.7590361445783133,-0.2765458632667459,False,True,False,True
2022-11-25,1610612746.0,1610612743.0,0.5352797624212678,0.4,0.1352797624212678,False,True,False,True
2022-11-26,1610612761.0,1610612742.0,0.5148467652964032,0.4545454545454545,0.0603013107509486,False,False,False,True
2022-11-26,1610612745.0,1610612760.0,0.4641654391925754,0.4761904761904761,-0.0120250369979007,False,False,False,True
2022-11-26,1610612756.0,1610612762.0,0.6909687850621639,0.6875,0.0034687850621638,False,False,False,False
2022-11-27,1610612751.0,1610612757.0,0.5862525276257854,0.7560975609756098,-0.1698450333498243,False,True,False,False
2022-11-27,1610612750.0,1610612744.0,0.5488415176723525,0.5,0.0488415176723524,False,False,False,True
2022-11-27,1610612746.0,1610612754.0,0.6235321858547531,0.4878048780487805,0.1357273078059726,False,True,False,False
2022-11-27,1610612737.0,1610612748.0,0.5924470889960811,0.6226415094339622,-0.0301944204378811,False,False,False,False
2022-11-27,1610612753.0,1610612755.0,0.303926152043861,0.5238095238095238,-0.2198833717656628,False,True,False,False
2022-11-27,1610612752.0,1610612763.0,0.4123230975391759,0.4878048780487805,-0.0754817805096045,False,False,False,False
2022-11-27,1610612765.0,1610612739.0,0.3037896776817105,0.2857142857142857,0.0180753919674248,False,False,False,False
2022-11-27,1610612749.0,1610612742.0,0.6559362764342511,0.6875,-0.0315637235657488,False,False,False,False
2022-11-28,1610612755.0,1610612737.0,0.6097574939850505,0.5652173913043478,0.0445401026807027,False,False,False,False
2022-11-28,1610612751.0,1610612753.0,0.723220085298255,0.875,-0.151779914701745,False,True,True,False
2022-11-28,1610612761.0,1610612739.0,0.6486867077240427,0.6666666666666666,-0.0179799589426239,False,False,False,False
2022-11-28,1610612738.0,1610612766.0,0.7754814380414191,0.8666666666666667,-0.0911852286252475,False,False,True,False
2022-11-28,1610612743.0,1610612745.0,0.7553260016881883,0.8571428571428571,-0.1018168554546687,False,True,True,False
2022-11-28,1610612762.0,1610612741.0,0.5953404007354125,0.574468085106383,0.0208723156290294,False,False,False,False
2022-11-28,1610612758.0,1610612756.0,0.3686157159987437,0.5238095238095238,-0.1551938078107801,False,True,False,False
2022-11-28,1610612747.0,1610612754.0,0.5704814522279766,0.6226415094339622,-0.0521600572059856,False,False,False,False
2022-11-29,1610612765.0,1610612752.0,0.3846534177262444,0.392156862745098,-0.0075034450188536,False,False,False,False
2022-11-29,1610612742.0,1610612744.0,0.5979944069750699,0.5348837209302325,0.0631106860448373,False,False,False,False
2022-11-29,1610612757.0,1610612746.0,0.5002524431644152,0.6226415094339622,-0.122389066269547,False,True,False,True
2022-11-30,1610612739.0,1610612755.0,0.5332027464279749,0.6226415094339622,-0.0894387630059873,False,False,False,True
2022-11-30,1610612753.0,1610612737.0,0.2914861382806496,0.3333333333333333,-0.0418471950526836,False,False,True,False
2022-11-30,1610612738.0,1610612748.0,0.6937759520632195,0.8214285714285714,-0.1276526193653518,False,True,False,False
2022-11-30,1610612752.0,1610612749.0,0.4999172285152587,0.3333333333333333,0.1665838951819254,False,True,False,True
2022-11-30,1610612750.0,1610612763.0,0.4340926816408921,0.4347826086956521,-0.00068992705476,False,False,False,False
2022-11-30,1610612743.0,1610612745.0,0.7451521116351114,0.875,-0.1298478883648886,False,True,True,False
2022-11-30,1610612762.0,1610612746.0,0.6065149765199263,0.75,-0.1434850234800737,False,True,False,False
2022-11-30,1610612756.0,1610612741.0,0.6522350531762219,0.6774193548387096,-0.0251843016624877,False,False,False,False
2022-11-30,1610612758.0,1610612754.0,0.5592688302459147,0.6428571428571429,-0.0835883126112282,False,False,False,False
2022-11-30,1610612747.0,1610612757.0,0.5537284274590086,0.696969696969697,-0.1432412695106883,False,True,False,False
2022-12-01,1610612765.0,1610612742.0,0.3003601742859964,0.273972602739726,0.0263875715462703,False,False,False,False
2022-12-02,1610612738.0,1610612748.0,0.7292204213114046,0.7333333333333333,-0.0041129120219286,False,False,True,False
2022-12-02,1610612749.0,1610612747.0,0.6949272484252493,0.782608695652174,-0.0876814472269246,False,False,False,False
2022-12-02,1610612737.0,1610612743.0,0.4824061921241052,0.3636363636363636,0.1187698284877415,False,True,False,True
2022-12-02,1610612751.0,1610612761.0,0.5483719260588861,0.5555555555555556,-0.0071836294966695,False,False,False,True
2022-12-02,1610612739.0,1610612753.0,0.747689817874627,0.8571428571428571,-0.1094530392682301,False,True,True,False
2022-12-02,1610612763.0,1610612755.0,0.5824264392975251,0.6551724137931034,-0.0727459744955782,False,False,False,False
2022-12-02,1610612756.0,1610612745.0,0.7955026216005844,0.8666666666666667,-0.0711640450660823,False,False,True,False
2022-12-02,1610612762.0,1610612754.0,0.6696461421294478,0.6296296296296297,0.0400165124998181,False,False,False,False
2022-12-02,1610612744.0,1610612741.0,0.6737766409719136,0.7297297297297297,-0.0559530887578161,False,False,False,False
2022-12-03,1610612752.0,1610612742.0,0.4676498571926122,0.5,-0.0323501428073877,False,False,False,True
2022-12-03,1610612746.0,1610612758.0,0.6560087627019623,0.4166666666666667,0.2393420960352956,True,True,False,False
2022-12-03,1610612766.0,1610612749.0,0.4057234189477092,0.4878048780487805,-0.0820814591010712,False,False,False,False
2022-12-03,1610612761.0,1610612753.0,0.7655492007615827,0.8571428571428571,-0.0915936563812743,False,False,True,False
2022-12-03,1610612750.0,1610612760.0,0.6573763520551354,0.6774193548387096,-0.0200430027835741,False,False,False,False
2022-12-03,1610612744.0,1610612745.0,0.727072396823569,0.8571428571428571,-0.1300704603192881,False,True,True,False
2022-12-03,1610612762.0,1610612757.0,0.7046229081788716,0.6551724137931034,0.0494504943857682,False,False,True,False
2022-12-04,1610612758.0,1610612741.0,0.5733240166749641,0.6,-0.0266759833250358,False,False,False,False
2022-12-04,1610612765.0,1610612763.0,0.2657947694932371,0.3225806451612903,-0.0567858756680532,False,False,True,False
2022-12-04,1610612752.0,1610612739.0,0.4902959843800567,0.4444444444444444,0.0458515399356123,False,False,False,True
2022-12-04,1610612751.0,1610612738.0,0.438019688739728,0.4761904761904761,-0.0381707874507481,False,False,False,False
2022-12-04,1610612757.0,1610612754.0,0.5811214466256832,0.6666666666666666,-0.0855452200409834,False,False,False,False
2022-12-05,1610612753.0,1610612749.0,0.2192237975870005,0.1904761904761904,0.02874760711081,False,False,True,False
2022-12-05,1610612766.0,1610612746.0,0.436707481771015,0.3333333333333333,0.1033741484376816,False,True,False,False
2022-12-05,1610612761.0,1610612738.0,0.5075866559585623,0.5454545454545454,-0.037867889495983,False,False,False,True
2022-12-05,1610612737.0,1610612760.0,0.6968141312025892,0.7058823529411765,-0.0090682217385873,False,False,False,False
2022-12-05,1610612745.0,1610612755.0,0.2796841550575512,0.2702702702702703,0.0094138847872808,False,False,True,False
2022-12-05,1610612763.0,1610612748.0,0.6351987147109736,0.3571428571428571,0.2780558575681164,True,True,False,False
2022-12-05,1610612742.0,1610612756.0,0.5810157502980112,0.6,-0.0189842497019887,False,False,False,False
2022-12-05,1610612744.0,1610612754.0,0.7403666670438878,0.875,-0.1346333329561122,False,True,True,False
2022-12-06,1610612739.0,1610612747.0,0.7394170854897836,0.6825396825396826,0.056877402950101,False,False,True,False
2022-12-06,1610612748.0,1610612765.0,0.6467602864030656,0.75,-0.1032397135969344,False,True,False,False
2022-12-06,1610612743.0,1610612742.0,0.6326078001473263,0.6491228070175439,-0.0165150068702175,False,False,False,False
2022-12-07,1610612753.0,1610612746.0,0.2457675645584706,0.3225806451612903,-0.0768130806028197,False,False,True,False
2022-12-07,1610612761.0,1610612747.0,0.7086164142384266,0.8823529411764706,-0.1737365269380439,False,True,True,False
2022-12-07,1610612752.0,1610612737.0,0.5383040769121535,0.5833333333333334,-0.0450292564211798,False,False,False,True
2022-12-07,1610612751.0,1610612766.0,0.6888856783130973,0.8181818181818182,-0.1292961398687209,False,True,False,False
2022-12-07,1610612750.0,1610612754.0,0.6453784255046953,0.6551724137931034,-0.0097939882884081,False,False,False,False
2022-12-07,1610612749.0,1610612758.0,0.6453781200542958,0.7142857142857143,-0.0689075942314184,False,False,False,False
2022-12-07,1610612763.0,1610612760.0,0.7182790425640682,0.7777777777777778,-0.0594987352137096,False,False,True,False
2022-12-07,1610612762.0,1610612744.0,0.620406931974454,0.6774193548387096,-0.0570124228642556,False,False,False,False
2022-12-07,1610612756.0,1610612738.0,0.6274033626728855,0.5652173913043478,0.0621859713685377,False,False,False,False
2022-12-08,1610612748.0,1610612746.0,0.5866499561559105,0.7142857142857143,-0.1276357581298037,False,True,False,False
2022-12-08,1610612757.0,1610612743.0,0.4054464100401642,0.4761904761904761,-0.0707440661503119,False,False,False,False
2022-12-09,1610612766.0,1610612752.0,0.3799336343931748,0.392156862745098,-0.0122232283519232,False,False,False,False
2022-12-09,1610612753.0,1610612761.0,0.2310964860677582,0.2564102564102564,-0.0253137703424981,False,False,True,False
2022-12-09,1610612739.0,1610612758.0,0.7285728290359716,0.6153846153846154,0.1131882136513562,False,True,True,False
2022-12-09,1610612755.0,1610612747.0,0.6698122467117908,0.6666666666666666,0.0031455800451242,False,False,False,False
2022-12-09,1610612751.0,1610612737.0,0.5229687478003906,0.7368421052631579,-0.2138733574627672,False,True,False,True
2022-12-09,1610612763.0,1610612765.0,0.7071369552013482,0.8461538461538461,-0.1390168909524979,False,True,True,False
2022-12-09,1610612762.0,1610612750.0,0.5812797064534162,0.5238095238095238,0.0574701826438923,False,False,False,False
2022-12-09,1610612742.0,1610612749.0,0.5869562988527883,0.5348837209302325,0.0520725779225558,False,False,False,False
2022-12-10,1610612754.0,1610612751.0,0.4772945760807316,0.7674418604651163,-0.2901472843843847,False,True,False,True
2022-12-10,1610612739.0,1610612760.0,0.7051879603287418,0.6551724137931034,0.0500155465356383,False,False,True,False
2022-12-10,1610612741.0,1610612742.0,0.4844920971027606,0.6666666666666666,-0.182174569563906,False,True,False,True
2022-12-10,1610612744.0,1610612738.0,0.3701872324665092,0.4651162790697674,-0.0949290466032582,False,False,False,False
2022-12-10,1610612743.0,1610612762.0,0.6104257398460996,0.8571428571428571,-0.2467171172967575,False,True,False,False
2022-12-10,1610612757.0,1610612750.0,0.5125021887156245,0.6774193548387096,-0.1649171661230851,False,True,False,True
2022-12-11,1610612752.0,1610612758.0,0.548446570740426,0.5833333333333334,-0.0348867625929073,False,False,False,True
2022-12-11,1610612753.0,1610612761.0,0.2673738412805216,0.3225806451612903,-0.0552068038807687,False,False,True,False
2022-12-11,1610612755.0,1610612766.0,0.6854390569714894,0.8333333333333334,-0.1478942763618439,False,True,False,False
2022-12-11,1610612765.0,1610612747.0,0.3858590467853965,0.3636363636363636,0.0222226831490328,False,False,False,False
2022-12-11,1610612737.0,1610612741.0,0.6253604001786879,0.6153846153846154,0.0099757847940724,False,False,False,False
2022-12-11,1610612745.0,1610612749.0,0.2648600663460017,0.2105263157894736,0.054333750556528,False,False,True,False
2022-12-12,1610612754.0,1610612748.0,0.4476569533876963,0.425531914893617,0.0221250384940792,False,False,False,False
2022-12-12,1610612763.0,1610612737.0,0.6943385438156471,0.8076923076923077,-0.1133537638766606,False,True,False,False
2022-12-12,1610612742.0,1610612760.0,0.669229070662717,0.7777777777777778,-0.1085487071150608,False,True,False,False
2022-12-12,1610612757.0,1610612750.0,0.3999813043613588,0.6296296296296297,-0.2296483252682708,False,True,False,False
2022-12-12,1610612746.0,1610612738.0,0.3710846451324644,0.392156862745098,-0.0210722176126336,False,False,False,False
2022-12-13,1610612755.0,1610612758.0,0.6141280715938118,0.6226415094339622,-0.0085134378401504,False,False,False,False
2022-12-13,1610612749.0,1610612744.0,0.6362577968526903,0.5918367346938775,0.0444210621588128,False,False,False,False
2022-12-13,1610612745.0,1610612756.0,0.2261233369454049,0.3333333333333333,-0.1072099963879284,False,True,True,False
2022-12-13,1610612747.0,1610612738.0,0.3634854672102073,0.4,-0.0365145327897927,False,False,False,False
2022-12-14,1610612754.0,1610612744.0,0.460459592554871,0.5,-0.0395404074451289,False,False,False,True
2022-12-14,1610612753.0,1610612737.0,0.3016812242760947,0.4444444444444444,-0.1427632201683497,False,True,False,False
2022-12-14,1610612766.0,1610612765.0,0.4770166090604377,0.6491228070175439,-0.1721061979571062,False,True,False,True
2022-12-14,1610612761.0,1610612758.0,0.6107549217733678,0.6666666666666666,-0.0559117448932988,False,False,False,False
2022-12-14,1610612741.0,1610612752.0,0.4864055006351758,0.6078431372549019,-0.1214376366197261,False,True,False,True
2022-12-14,1610612760.0,1610612748.0,0.4564066881455621,0.4545454545454545,0.0018612336001075,False,False,False,True
2022-12-14,1610612742.0,1610612739.0,0.6635928448314903,0.5833333333333334,0.0802595114981569,False,False,False,False
2022-12-14,1610612746.0,1610612750.0,0.5770211716986867,0.726027397260274,-0.1490062255615872,False,True,False,False
2022-12-15,1610612763.0,1610612749.0,0.5854457810959328,0.5918367346938775,-0.0063909535979447,False,False,False,False
2022-12-15,1610612745.0,1610612748.0,0.4734874638576096,0.425531914893617,0.0479555489639925,False,False,False,True
2022-12-15,1610612746.0,1610612756.0,0.4709235563533446,0.3333333333333333,0.1375902230200112,False,True,False,True
2022-12-16,1610612765.0,1610612758.0,0.3522555812087136,0.3333333333333333,0.0189222478753802,False,False,False,False
2022-12-16,1610612766.0,1610612737.0,0.3949359006718068,0.5833333333333334,-0.1883974326615266,False,True,False,False
2022-12-16,1610612738.0,1610612753.0,0.7703045516367679,0.9090909090909092,-0.1387863574541411,False,True,True,False
2022-12-16,1610612761.0,1610612751.0,0.4953396367819557,0.5,-0.0046603632180443,False,False,False,True
2022-12-16,1610612739.0,1610612754.0,0.7074440270314343,0.75,-0.0425559729685657,False,False,True,False
2022-12-16,1610612755.0,1610612744.0,0.6518947105245556,0.7916666666666666,-0.139771956142111,False,True,False,False
2022-12-16,1610612760.0,1610612750.0,0.3744974241664734,0.6363636363636364,-0.2618662121971629,False,True,False,False
2022-12-16,1610612741.0,1610612752.0,0.4494776846294085,0.5833333333333334,-0.1338556487039248,False,True,False,False
2022-12-16,1610612742.0,1610612757.0,0.5890669248805961,0.6428571428571429,-0.0537902179765468,False,False,False,False
2022-12-16,1610612747.0,1610612743.0,0.4705725307434334,0.4761904761904761,-0.0056179454470427,False,False,False,True
2022-12-17,1610612745.0,1610612757.0,0.4306882057119616,0.4347826086956521,-0.0040944029836905,False,False,False,False
2022-12-17,1610612739.0,1610612742.0,0.646605528410449,0.7777777777777778,-0.1311722493673287,False,True,False,False
2022-12-17,1610612760.0,1610612763.0,0.2880198453971533,0.1904761904761904,0.0975436549209628,False,False,True,False
2022-12-17,1610612749.0,1610612762.0,0.5601070935815309,0.5555555555555556,0.0045515380259752,False,False,False,False
2022-12-18,1610612738.0,1610612753.0,0.7911508646507468,0.8461538461538461,-0.0550029815030993,False,False,True,False
2022-12-18,1610612754.0,1610612752.0,0.4394184855829286,0.5238095238095238,-0.0843910382265952,False,False,False,False
2022-12-18,1610612765.0,1610612751.0,0.3095840793232953,0.2564102564102564,0.0531738229130389,False,False,False,False
2022-12-18,1610612761.0,1610612744.0,0.5005512333456203,0.6875,-0.1869487666543796,False,True,False,True
2022-12-18,1610612750.0,1610612741.0,0.6467627765101269,0.4761904761904761,0.1705723003196507,False,True,False,False
2022-12-18,1610612743.0,1610612766.0,0.7087523451106051,0.7916666666666666,-0.0829143215560614,False,False,True,False
2022-12-19,1610612739.0,1610612762.0,0.6008545429929962,0.7142857142857143,-0.113431171292718,False,True,False,False
2022-12-19,1610612755.0,1610612761.0,0.6667055994029878,0.726027397260274,-0.0593217978572861,False,False,False,False
2022-12-19,1610612737.0,1610612753.0,0.6839201880170582,0.7777777777777778,-0.0938575897607195,False,False,False,False
2022-12-19,1610612750.0,1610612742.0,0.4962708649430992,0.3571428571428571,0.139128007800242,False,True,False,True
2022-12-19,1610612760.0,1610612757.0,0.3948374633147459,0.4,-0.0051625366852541,False,False,False,False
2022-12-19,1610612756.0,1610612747.0,0.7463283403075643,0.8571428571428571,-0.1108145168352927,False,True,True,False
2022-12-19,1610612758.0,1610612766.0,0.7429052106253492,0.8333333333333334,-0.0904281227079841,False,False,True,False
2022-12-20,1610612765.0,1610612762.0,0.478300456820212,0.4545454545454545,0.0237550022747574,False,False,False,True
2022-12-20,1610612752.0,1610612744.0,0.5850716658046213,0.6875,-0.1024283341953786,False,True,False,False
2022-12-20,1610612748.0,1610612741.0,0.6289625228276844,0.5454545454545454,0.0835079773731389,False,False,False,False
2022-12-20,1610612743.0,1610612763.0,0.4533917806355003,0.4878048780487805,-0.0344130974132801,False,False,False,True
2022-12-21,1610612739.0,1610612749.0,0.5072168219776958,0.5833333333333334,-0.0761165113556375,False,False,False,True
2022-12-21,1610612755.0,1610612765.0,0.7609239146136088,0.875,-0.1140760853863912,False,True,True,False
2022-12-21,1610612738.0,1610612754.0,0.6868382914112641,0.8181818181818182,-0.1313435267705541,False,True,False,False
2022-12-21,1610612737.0,1610612741.0,0.6789568001245374,0.6666666666666666,0.0122901334578707,False,False,False,False
2022-12-21,1610612751.0,1610612744.0,0.634998650206108,0.8461538461538461,-0.2111551959477381,False,True,False,False
2022-12-21,1610612752.0,1610612761.0,0.626054976458852,0.5652173913043478,0.0608375851545042,False,False,False,False
2022-12-21,1610612760.0,1610612757.0,0.511718886969946,0.4081632653061224,0.1035556216638236,False,True,False,True
2022-12-21,1610612750.0,1610612742.0,0.5086299509048706,0.4761904761904761,0.0324394747143944,False,False,False,True
2022-12-21,1610612745.0,1610612753.0,0.4369017695953083,0.5238095238095238,-0.0869077542142155,False,False,False,False
2022-12-21,1610612758.0,1610612747.0,0.6593887933509163,0.7560975609756098,-0.0967087676246934,False,False,False,False
2022-12-21,1610612746.0,1610612766.0,0.6424061795500381,0.7777777777777778,-0.1353715982277397,False,True,False,False
2022-12-23,1610612755.0,1610612746.0,0.6794847277623733,0.6296296296296297,0.0498550981327436,False,False,False,False
2022-12-23,1610612751.0,1610612749.0,0.4289047232640377,0.5833333333333334,-0.1544286100692956,False,True,False,False
2022-12-23,1610612738.0,1610612750.0,0.5998203361095802,0.8181818181818182,-0.218361482072238,False,True,False,False
2022-12-23,1610612739.0,1610612761.0,0.5886859180725172,0.6551724137931034,-0.0664864957205861,False,False,False,False
2022-12-23,1610612752.0,1610612741.0,0.6304050925021191,0.696969696969697,-0.0665646044675779,False,False,False,False
2022-12-23,1610612737.0,1610612765.0,0.6389234722542141,0.8076923076923077,-0.1687688354380936,False,True,False,False
2022-12-23,1610612748.0,1610612754.0,0.6130088631758204,0.7101449275362319,-0.0971360643604115,False,False,False,False
2022-12-23,1610612745.0,1610612742.0,0.2479129765620668,0.3125,-0.0645870234379332,False,False,True,False
2022-12-23,1610612743.0,1610612757.0,0.693101791952589,0.6666666666666666,0.0264351252859224,False,False,False,False
2022-12-23,1610612756.0,1610612763.0,0.5372310193393434,0.4347826086956521,0.1024484106436912,False,True,False,True
2022-12-23,1610612747.0,1610612766.0,0.5496457627133201,0.6,-0.0503542372866798,False,False,False,True
2022-12-25,1610612752.0,1610612755.0,0.5626713707476779,0.4878048780487805,0.0748664926988974,False,False,False,False
2022-12-25,1610612742.0,1610612747.0,0.6330432479546635,0.7560975609756098,-0.1230543130209462,False,True,False,False
2022-12-25,1610612738.0,1610612749.0,0.5674846433203551,0.6875,-0.1200153566796449,False,True,False,False
2022-12-25,1610612744.0,1610612763.0,0.4854300487886265,0.303030303030303,0.1823997457583234,False,True,False,True
2022-12-25,1610612743.0,1610612756.0,0.5018569940581835,0.6296296296296297,-0.1277726355714461,False,True,False,True
2022-12-26,1610612739.0,1610612751.0,0.5725308582867213,0.5652173913043478,0.0073134669823735,False,False,False,False
2022-12-26,1610612765.0,1610612746.0,0.367504165480608,0.3448275862068966,0.0226765792737114,False,False,False,False
2022-12-26,1610612748.0,1610612750.0,0.5407301396093429,0.5555555555555556,-0.0148254159462126,False,False,False,True
2022-12-26,1610612741.0,1610612745.0,0.7047871860865419,0.7297297297297297,-0.0249425436431878,False,False,True,False
2022-12-26,1610612757.0,1610612766.0,0.6373892349212416,0.6774193548387096,-0.040030119917468,False,False,False,False
2022-12-27,1610612753.0,1610612747.0,0.5535418602808323,0.6,-0.0464581397191676,False,False,False,False
2022-12-27,1610612738.0,1610612745.0,0.7874997812982599,0.9375,-0.15000021870174,False,True,True,False
2022-12-27,1610612754.0,1610612737.0,0.502032106039506,0.4878048780487805,0.0142272279907255,False,False,False,True
2022-12-27,1610612761.0,1610612746.0,0.5811768367588829,0.6296296296296297,-0.0484527928707467,False,False,False,False
2022-12-27,1610612763.0,1610612756.0,0.545374130973032,0.7560975609756098,-0.2107234300025777,False,True,False,True
2022-12-27,1610612742.0,1610612752.0,0.5443243400062132,0.6774193548387096,-0.1330950148324964,False,True,False,True
2022-12-27,1610612758.0,1610612743.0,0.421188934796359,0.425531914893617,-0.004342980097258,False,False,False,False
2022-12-27,1610612744.0,1610612766.0,0.7545857860976354,0.6551724137931034,0.0994133723045319,False,False,True,False
2022-12-28,1610612765.0,1610612753.0,0.5517457313276191,0.5,0.051745731327619,False,False,False,False
2022-12-28,1610612748.0,1610612747.0,0.7182366399255222,0.7872340425531915,-0.0689974026276692,False,False,True,False
2022-12-28,1610612737.0,1610612751.0,0.4181847341870356,0.2898550724637681,0.1283296617232674,False,True,False,False
2022-12-28,1610612741.0,1610612749.0,0.4613876852039772,0.4545454545454545,0.0068422306585226,False,False,False,True
2022-12-28,1610612758.0,1610612743.0,0.4946938511255865,0.6,-0.1053061488744134,False,True,False,True
2022-12-28,1610612744.0,1610612762.0,0.614058699900379,0.3846153846153846,0.2294433152849943,True,True,False,False
2022-12-29,1610612766.0,1610612760.0,0.4196437805147923,0.5652173913043478,-0.1455736107895555,False,True,False,False
2022-12-29,1610612754.0,1610612739.0,0.4722989205965269,0.4,0.0722989205965268,False,False,False,True
2022-12-29,1610612738.0,1610612746.0,0.6433150177254465,0.7222222222222222,-0.0789072044967756,False,False,False,False
2022-12-29,1610612761.0,1610612763.0,0.4085083646744167,0.392156862745098,0.0163515019293186,False,False,False,False
2022-12-29,1610612742.0,1610612745.0,0.7281296412751127,0.8181818181818182,-0.0900521769067055,False,False,True,False
2022-12-30,1610612737.0,1610612747.0,0.6166863917835435,0.696969696969697,-0.0802833051861535,False,False,False,False
2022-12-30,1610612761.0,1610612756.0,0.3787223314388825,0.5652173913043478,-0.1864950598654652,False,True,False,False
2022-12-30,1610612741.0,1610612765.0,0.6570358890407364,0.75,-0.0929641109592636,False,False,False,False
2022-12-30,1610612749.0,1610612750.0,0.5736044955827186,0.7560975609756098,-0.1824930653928911,False,True,False,False
2022-12-30,1610612743.0,1610612748.0,0.585601251055915,0.6428571428571429,-0.0572558918012279,False,False,False,False
2022-12-30,1610612758.0,1610612762.0,0.5301054202999229,0.6,-0.069894579700077,False,False,False,True
2022-12-30,1610612744.0,1610612757.0,0.5909477653757959,0.5,0.0909477653757958,False,False,False,False
2022-12-31,1610612754.0,1610612746.0,0.4153688848285198,0.4545454545454545,-0.0391765697169347,False,False,False,False
2022-12-31,1610612745.0,1610612752.0,0.3223092713822842,0.4081632653061224,-0.0858539939238382,False,False,False,False
2022-12-31,1610612766.0,1610612751.0,0.293456429062602,0.3225806451612903,-0.0291242160986883,False,False,True,False
2022-12-31,1610612741.0,1610612739.0,0.5440717485215524,0.4878048780487805,0.0562668704727719,False,False,False,True
2022-12-31,1610612750.0,1610612765.0,0.7005929892534007,0.7435897435897436,-0.0429967543363428,False,False,True,False
2022-12-31,1610612760.0,1610612755.0,0.460939964959654,0.4545454545454545,0.0063945104141994,False,False,False,True
2022-12-31,1610612762.0,1610612748.0,0.5590349747554714,0.6363636363636364,-0.0773286616081649,False,False,False,False
2023-01-01,1610612743.0,1610612738.0,0.4599824430336616,0.4,0.0599824430336615,False,False,False,True
2023-01-01,1610612763.0,1610612758.0,0.7351910209006028,0.6296296296296297,0.1055613912709731,False,True,True,False
2023-01-02,1610612752.0,1610612756.0,0.4980563186366696,0.5833333333333334,-0.0852770146966637,False,False,False,True
2023-01-02,1610612766.0,1610612747.0,0.503545695505342,0.5652173913043478,-0.0616716957990057,False,False,False,True
2023-01-02,1610612754.0,1610612761.0,0.4268034861102741,0.4761904761904761,-0.049386990080202,False,False,False,False
2023-01-02,1610612739.0,1610612741.0,0.6321545496174248,0.6296296296296297,0.0025249199877951,False,False,False,False
2023-01-02,1610612750.0,1610612743.0,0.5585573128733908,0.4,0.1585573128733908,True,True,False,False
2023-01-02,1610612745.0,1610612742.0,0.2701787523193133,0.2857142857142857,-0.0155355333949723,False,False,True,False
2023-01-02,1610612757.0,1610612765.0,0.6876169606594847,0.8076923076923077,-0.1200753470328229,False,True,False,False
2023-01-02,1610612744.0,1610612737.0,0.5879587755162593,0.5555555555555556,0.0324032199607037,False,False,False,False
2023-01-02,1610612746.0,1610612748.0,0.5328568692478454,0.5121951219512195,0.0206617472966258,False,False,False,True
2023-01-03,1610612760.0,1610612738.0,0.2877077853743612,0.1818181818181818,0.1058896035561793,False,True,True,False
2023-01-03,1610612762.0,1610612758.0,0.5691624341955732,0.6,-0.0308375658044267,False,False,False,False
2023-01-04,1610612739.0,1610612756.0,0.5246009121903624,0.6666666666666666,-0.1420657544763042,False,True,False,True
2023-01-04,1610612755.0,1610612754.0,0.6664340368384322,0.6666666666666666,-0.0002326298282344,False,False,False,False
2023-01-04,1610612753.0,1610612760.0,0.4542266347277916,0.5,-0.0457733652722083,False,False,False,True
2023-01-04,1610612766.0,1610612763.0,0.2662885716770448,0.2941176470588235,-0.0278290753817787,False,False,True,False
2023-01-04,1610612761.0,1610612749.0,0.548706735840745,0.6774193548387096,-0.1287126189979646,False,True,False,True
2023-01-04,1610612741.0,1610612751.0,0.4908568302873627,0.3703703703703703,0.1204864599169923,False,True,False,True
2023-01-04,1610612750.0,1610612757.0,0.5821670691412385,0.4878048780487805,0.094362191092458,False,False,False,False
2023-01-04,1610612758.0,1610612737.0,0.6574839095241055,0.5555555555555556,0.1019283539685499,False,True,False,False
2023-01-04,1610612747.0,1610612748.0,0.4593206889189959,0.2564102564102564,0.2029104325087395,False,True,False,True
2023-01-04,1610612744.0,1610612765.0,0.7208215499333553,0.726027397260274,-0.0052058473269186,False,False,True,False
2023-01-05,1610612753.0,1610612763.0,0.3125978554082603,0.3333333333333333,-0.020735477925073,False,False,False,False
2023-01-05,1610612742.0,1610612738.0,0.4029097414931699,0.4347826086956521,-0.0318728672024822,False,False,False,False
2023-01-05,1610612745.0,1610612762.0,0.2724904196734115,0.3125,-0.0400095803265885,False,False,True,False
2023-01-05,1610612743.0,1610612746.0,0.5723097653595287,0.6551724137931034,-0.0828626484335747,False,False,False,False
2023-01-06,1610612754.0,1610612757.0,0.5425931579022452,0.5555555555555556,-0.0129623976533104,False,False,False,True
2023-01-06,1610612761.0,1610612752.0,0.4583310609577787,0.6296296296296297,-0.1712985686718509,False,True,False,True
2023-01-06,1610612755.0,1610612741.0,0.6281285143559254,0.6666666666666666,-0.0385381523107412,False,False,False,False
2023-01-06,1610612749.0,1610612766.0,0.6858324393625695,0.8214285714285714,-0.1355961320660018,False,True,False,False
2023-01-06,1610612743.0,1610612739.0,0.5766698219726796,0.6666666666666666,-0.089996844693987,False,False,False,False
2023-01-06,1610612750.0,1610612746.0,0.5641979045352457,0.6875,-0.1233020954647543,False,True,False,False
2023-01-06,1610612756.0,1610612748.0,0.5427528646444131,0.5,0.042752864644413,False,False,False,True
2023-01-06,1610612747.0,1610612737.0,0.6127361711965295,0.4444444444444444,0.168291726752085,True,True,False,False
2023-01-07,1610612741.0,1610612762.0,0.557218901519408,0.4651162790697674,0.0921026224496405,False,False,False,False
2023-01-07,1610612744.0,1610612753.0,0.710133498360944,0.7142857142857143,-0.0041522159247703,False,False,True,False
2023-01-07,1610612758.0,1610612747.0,0.6736589950772688,0.75,-0.0763410049227312,False,False,False,False
2023-01-08,1610612765.0,1610612755.0,0.3258569743229102,0.3571428571428571,-0.0312858828199469,False,False,False,False
2023-01-08,1610612761.0,1610612757.0,0.5363001150333389,0.6,-0.0636998849666611,False,False,False,True
2023-01-08,1610612754.0,1610612766.0,0.5793210560799753,0.6875,-0.1081789439200247,False,True,False,False
2023-01-08,1610612748.0,1610612751.0,0.4858407200869289,0.4761904761904761,0.0096502438964527,False,False,False,True
2023-01-08,1610612763.0,1610612762.0,0.7426262821814901,0.6875,0.05512628218149,False,False,True,False
2023-01-08,1610612760.0,1610612742.0,0.4969840254998267,0.6363636363636364,-0.1393796108638096,False,True,False,True
2023-01-08,1610612745.0,1610612750.0,0.2936661127637311,0.4166666666666667,-0.1230005539029355,False,True,True,False
2023-01-08,1610612756.0,1610612739.0,0.5074441607542067,0.3389830508474576,0.1684611099067491,False,True,False,True
2023-01-08,1610612746.0,1610612737.0,0.6192368505620062,0.5833333333333334,0.0359035172286728,False,False,False,False
2023-01-09,1610612752.0,1610612749.0,0.5168761368969713,0.5454545454545454,-0.028578408557574,False,False,False,True
2023-01-09,1610612738.0,1610612741.0,0.7180532106151221,0.7916666666666666,-0.0736134560515445,False,False,True,False
2023-01-09,1610612743.0,1610612747.0,0.7371200015919152,0.8888888888888888,-0.1517688872969737,False,True,True,False
2023-01-09,1610612758.0,1610612753.0,0.6799114642514067,0.7183098591549296,-0.0383983949035229,False,False,False,False
2023-01-10,1610612755.0,1610612765.0,0.7493282018267983,0.9333333333333332,-0.184005131506535,False,True,True,False
2023-01-10,1610612761.0,1610612766.0,0.5992752818072132,0.75,-0.1507247181927867,False,True,False,False
2023-01-10,1610612748.0,1610612760.0,0.6779008830862134,0.5555555555555556,0.1223453275306578,False,True,False,False
2023-01-10,1610612762.0,1610612739.0,0.4752444881970704,0.4545454545454545,0.0206990336516158,False,False,False,True
2023-01-10,1610612744.0,1610612756.0,0.5736750567376038,0.8823529411764706,-0.3086778844388668,False,True,False,False
2023-01-10,1610612757.0,1610612753.0,0.6606363997462045,0.7727272727272727,-0.1120908729810682,False,True,False,False
2023-01-10,1610612746.0,1610612742.0,0.4999108334113991,0.5454545454545454,-0.0455437120431463,False,False,False,True
2023-01-11,1610612765.0,1610612750.0,0.3176187005709822,0.3225806451612903,-0.0049619445903081,False,False,False,False
2023-01-11,1610612737.0,1610612749.0,0.5425608069728259,0.392156862745098,0.1504039442277279,False,True,False,True
2023-01-11,1610612752.0,1610612754.0,0.6252863433505962,0.6666666666666666,-0.0413803233160704,False,False,False,False
2023-01-11,1610612743.0,1610612756.0,0.7880645857936738,0.9166666666666666,-0.1286020808729928,False,True,True,False
2023-01-11,1610612758.0,1610612745.0,0.746845134502813,0.7916666666666666,-0.0448215321638536,False,False,True,False
2023-01-12,1610612755.0,1610612760.0,0.6452816936217067,0.8181818181818182,-0.1729001245601115,False,True,False,False
2023-01-12,1610612751.0,1610612738.0,0.6374454765621831,0.5121951219512195,0.1252503546109635,False,True,False,False
2023-01-12,1610612761.0,1610612766.0,0.5652082509840685,0.7560975609756098,-0.1908893099915413,False,True,False,False
2023-01-12,1610612748.0,1610612749.0,0.6160853714152551,0.6875,-0.0714146285847449,False,False,False,False
2023-01-12,1610612747.0,1610612742.0,0.5235696398404415,0.4545454545454545,0.0690241852949869,False,False,False,True
2023-01-12,1610612757.0,1610612739.0,0.4786285553663015,0.5,-0.0213714446336985,False,False,False,True
2023-01-13,1610612754.0,1610612737.0,0.4710465108064424,0.4166666666666667,0.0543798441397757,False,False,False,True
2023-01-13,1610612750.0,1610612756.0,0.584740392803166,0.7058823529411765,-0.1211419601380104,False,True,False,False
2023-01-13,1610612741.0,1610612760.0,0.6838209797591144,0.6363636363636364,0.047457343395478,False,False,False,False
2023-01-13,1610612762.0,1610612753.0,0.6808036726637069,0.6774193548387096,0.0033843178249972,False,False,False,False
2023-01-13,1610612746.0,1610612743.0,0.4500161627488868,0.6551724137931034,-0.2051562510442166,False,True,False,True
2023-01-13,1610612758.0,1610612745.0,0.7789788531760418,0.8076923076923077,-0.0287134545162659,False,False,True,False
2023-01-14,1610612748.0,1610612749.0,0.568566260170935,0.6363636363636364,-0.0677973761927013,False,False,False,False
2023-01-14,1610612766.0,1610612738.0,0.306127846438107,0.2702702702702703,0.0358575761678366,False,False,False,False
2023-01-14,1610612754.0,1610612763.0,0.3752260194419732,0.2702702702702703,0.1049557491717029,False,True,False,False
2023-01-14,1610612761.0,1610612737.0,0.6089437090241455,0.7368421052631579,-0.1278983962390123,False,True,False,False
2023-01-14,1610612750.0,1610612739.0,0.482987560668451,0.392156862745098,0.0908306979233529,False,False,False,True
2023-01-14,1610612762.0,1610612755.0,0.5404758566028887,0.2898550724637681,0.2506207841391205,False,True,False,True
2023-01-14,1610612757.0,1610612742.0,0.4130961803467832,0.6296296296296297,-0.2165334492828464,False,True,False,False
2023-01-15,1610612765.0,1610612752.0,0.3734853729208967,0.2564102564102564,0.1170751165106402,False,True,False,False
2023-01-15,1610612746.0,1610612745.0,0.7014894289822889,0.8333333333333334,-0.1318439043510444,False,True,True,False
2023-01-15,1610612741.0,1610612744.0,0.5414109586354872,0.3389830508474576,0.2024279077880295,False,True,False,True
2023-01-15,1610612751.0,1610612760.0,0.7086234413104471,0.6363636363636364,0.0722598049468107,False,False,True,False
2023-01-15,1610612743.0,1610612753.0,0.7607550103208941,0.8461538461538461,-0.085398835832952,False,False,True,False
2023-01-15,1610612757.0,1610612742.0,0.5553424697873982,0.7916666666666666,-0.2363241968792684,False,True,False,False
2023-01-15,1610612747.0,1610612755.0,0.5609156500966666,0.3571428571428571,0.2037727929538094,True,True,False,False
2023-01-16,1610612766.0,1610612738.0,0.2984589231237803,0.2564102564102564,0.0420486667135239,False,False,True,False
2023-01-16,1610612749.0,1610612754.0,0.6930955936199473,0.6666666666666666,0.0264289269532806,False,False,False,False
2023-01-16,1610612752.0,1610612761.0,0.572397313124601,0.5454545454545454,0.0269427676700555,False,False,False,False
2023-01-16,1610612737.0,1610612748.0,0.466412331664638,0.5348837209302325,-0.0684713892655944,False,False,False,True
2023-01-16,1610612750.0,1610612762.0,0.5123924278208394,0.6363636363636364,-0.1239712085427969,False,True,False,True
2023-01-16,1610612763.0,1610612756.0,0.6513667314888082,0.8888888888888888,-0.2375221574000806,False,True,False,False
2023-01-16,1610612747.0,1610612745.0,0.7755602024904452,0.7368421052631579,0.0387180972272873,False,False,True,False
