game_date,team_id_home,team_id_away,home_win,model_prob_home
2022-10-18,1610612738,1610612755,1,0.5796734893698351
2022-10-18,1610612744,1610612747,1,0.6663382492094855
2022-10-19,1610612737,1610612745,1,0.5863084776091347
2022-10-19,1610612748,1610612741,0,0.6319189118372973
2022-10-19,1610612763,1610612752,1,0.7115381165109267
2022-10-19,1610612761,1610612739,1,0.5575027290768008
2022-10-19,1610612750,1610612760,1,0.7622541040349395
2022-10-19,1610612759,1610612766,0,0.5065653125481239
2022-10-19,1610612758,1610612757,0,0.6437020692320142
2022-10-19,1610612754,1610612764,0,0.4171198063787245
2022-10-19,1610612751,1610612740,0,0.6162476140880315
2022-10-19,1610612762,1610612743,1,0.6685904211164532
2022-10-19,1610612765,1610612753,1,0.5549742549528448
2022-10-19,1610612756,1610612742,1,0.6209082298699187
2022-10-20,1610612755,1610612749,0,0.5273957737801526
2022-10-20,1610612747,1610612746,0,0.4179895879180719
2022-10-21,1610612764,1610612741,1,0.4512086114348744
2022-10-21,1610612748,1610612738,0,0.4746505710608653
2022-10-21,1610612752,1610612765,1,0.696395398999018
2022-10-21,1610612766,1610612740,0,0.6195489139460372
2022-10-21,1610612744,1610612743,0,0.6596235596298458
2022-10-21,1610612754,1610612759,0,0.44746685297752703
2022-10-21,1610612750,1610612762,0,0.5904796178226405
2022-10-21,1610612757,1610612756,1,0.18281228269966637
2022-10-21,1610612751,1610612761,1,0.4070580068041849
2022-10-21,1610612745,1610612763,0,0.28031490160446326
2022-10-21,1610612737,1610612753,1,0.7517242322180836
2022-10-22,1610612748,1610612761,1,0.6032443602067836
2022-10-22,1610612743,1610612760,1,0.7672143408068879
2022-10-22,1610612758,1610612746,0,0.4181754795836431
2022-10-22,1610612754,1610612765,1,0.5268038852223429
2022-10-22,1610612749,1610612745,1,0.7635788305553688
2022-10-22,1610612755,1610612759,0,0.723655828493811
2022-10-22,1610612741,1610612739,0,0.5187269201032013
2022-10-22,1610612742,1610612763,1,0.624903927174263
2022-10-22,1610612753,1610612738,0,0.28908825713627573
2022-10-23,1610612744,1610612758,1,0.7563417203027479
2022-10-23,1610612739,1610612764,1,0.6193616143347902
2022-10-23,1610612740,1610612762,0,0.4510886774329592
2022-10-23,1610612760,1610612750,0,0.2926445854567175
2022-10-23,1610612747,1610612757,0,0.6820775730239232
2022-10-23,1610612746,1610612756,0,0.4989558512601965
2022-10-23,1610612737,1610612766,0,0.6477839107039449
2022-10-24,1610612745,1610612762,1,0.38114703815623424
2022-10-24,1610612755,1610612754,1,0.7188060056003414
2022-10-24,1610612752,1610612753,1,0.720770964908595
2022-10-24,1610612748,1610612761,0,0.5805192789379428
2022-10-24,1610612741,1610612738,1,0.5233359275395315
2022-10-24,1610612763,1610612751,1,0.6413518384375445
2022-10-24,1610612750,1610612759,0,0.6098737748459383
2022-10-24,1610612757,1610612743,1,0.235316775259943
2022-10-25,1610612760,1610612746,1,0.3259789261689916
2022-10-25,1610612764,1610612765,1,0.591214866383772
2022-10-25,1610612740,1610612742,1,0.373168239152062
2022-10-25,1610612756,1610612744,1,0.5999233805721551
2022-10-26,1610612752,1610612766,1,0.640308732120691
2022-10-26,1610612761,1610612755,1,0.6059443700135021
2022-10-26,1610612762,1610612745,1,0.7048432293160166
2022-10-26,1610612757,1610612748,0,0.2942055427569965
2022-10-26,1610612743,1610612747,1,0.6736193347782554
2022-10-26,1610612739,1610612753,1,0.7410360374873265
2022-10-26,1610612750,1610612759,1,0.665208633871764
2022-10-26,1610612749,1610612751,1,0.6308902678849124
2022-10-26,1610612741,1610612754,1,0.5928802301080046
2022-10-26,1610612765,1610612737,0,0.3496824310226762
2022-10-27,1610612760,1610612746,1,0.5061342408766294
2022-10-27,1610612744,1610612748,1,0.6259814956059204
2022-10-27,1610612751,1610612742,0,0.42419789540636116
2022-10-27,1610612758,1610612763,0,0.3077869179231593
2022-10-28,1610612750,1610612747,1,0.6767056369463171
2022-10-28,1610612759,1610612741,1,0.5689962805816993
2022-10-28,1610612743,1610612762,1,0.5252920828675607
2022-10-28,1610612753,1610612766,1,0.28732985358528224
2022-10-28,1610612738,1610612739,0,0.7023581454914793
2022-10-28,1610612764,1610612754,0,0.6235988100442438
2022-10-28,1610612756,1610612740,1,0.6479320401921443
2022-10-28,1610612757,1610612745,1,0.3711317832357256
2022-10-28,1610612765,1610612737,0,0.3578373996549858
2022-10-28,1610612761,1610612755,0,0.5462964405676095
2022-10-28,1610612749,1610612752,1,0.6555963375198415
2022-10-29,1610612742,1610612760,0,0.7796711045762446
2022-10-29,1610612751,1610612754,0,0.6824819847326331
2022-10-29,1610612762,1610612763,1,0.5982053419612006
2022-10-29,1610612749,1610612737,1,0.6491255745288466
2022-10-29,1610612758,1610612748,1,0.2977147789338057
2022-10-29,1610612766,1610612744,1,0.531641649294536
2022-10-29,1610612741,1610612755,0,0.5025058900426449
2022-10-30,1610612739,1610612752,1,0.5891393983376386
2022-10-30,1610612765,1610612744,1,0.5048986909911087
2022-10-30,1610612756,1610612745,1,0.7780873845828478
2022-10-30,1610612738,1610612764,1,0.7287687959807111
2022-10-30,1610612747,1610612743,1,0.3391941195416597
2022-10-30,1610612742,1610612753,1,0.7853062477628443
2022-10-30,1610612746,1610612740,0,0.5551560902265733
2022-10-30,1610612759,1610612750,1,0.514831208322669
2022-10-31,1610612766,1610612758,0,0.6633764072089989
2022-10-31,1610612764,1610612755,0,0.35676349326979107
2022-10-31,1610612746,1610612745,1,0.7303186537962563
2022-10-31,1610612762,1610612763,1,0.5491700424198593
2022-10-31,1610612751,1610612754,1,0.5812566967403169
2022-10-31,1610612761,1610612737,1,0.5300023047349925
2022-10-31,1610612749,1610612765,1,0.8240828023908391
2022-11-01,1610612756,1610612750,1,0.6689750943014175
2022-11-01,1610612760,1610612753,1,0.5374368995994406
2022-11-01,1610612751,1610612741,0,0.5206923274303633
2022-11-01,1610612748,1610612744,1,0.5971336096533751
2022-11-02,1610612739,1610612738,1,0.5045149075601314
2022-11-02,1610612759,1610612761,0,0.47385202756076483
2022-11-02,1610612748,1610612758,1,0.6336122845276493
2022-11-02,1610612749,1610612765,1,0.7759066642650838
2022-11-02,1610612741,1610612766,1,0.5567392403194075
2022-11-02,1610612745,1610612746,0,0.42681393436737103
2022-11-02,1610612752,1610612737,0,0.5585309862120375
2022-11-02,1610612757,1610612763,0,0.29619863357153353
2022-11-02,1610612742,1610612762,1,0.6854421743935439
2022-11-02,1610612747,1610612740,1,0.4074204790431281
2022-11-02,1610612755,1610612764,0,0.7064073878630361
2022-11-03,1610612760,1610612743,0,0.30048399054641367
2022-11-03,1610612753,1610612744,1,0.3652112136108365
2022-11-04,1610612765,1610612739,0,0.4996772175239081
2022-11-04,1610612755,1610612752,0,0.6122252180444947
2022-11-04,1610612754,1610612748,1,0.34949653414346504
2022-11-04,1610612742,1610612761,1,0.7075822121691127
2022-11-04,1610612740,1610612744,1,0.65711031962996
2022-11-04,1610612756,1610612757,0,0.7994023685972085
2022-11-04,1610612738,1610612741,1,0.6587400326154867
2022-11-04,1610612750,1610612749,0,0.46559485821833935
2022-11-04,1610612747,1610612762,0,0.37734517779555665
2022-11-04,1610612759,1610612746,0,0.583805676619969
2022-11-04,1610612764,1610612751,0,0.46690167902405544
2022-11-04,1610612763,1610612766,1,0.7224484085459983
2022-11-05,1610612766,1610612751,0,0.5569501857775184
2022-11-05,1610612756,1610612757,1,0.8026950393619874
2022-11-05,1610612753,1610612758,0,0.4616939949445868
2022-11-05,1610612743,1610612759,1,0.7191925906218585
2022-11-05,1610612749,1610612760,1,0.7872400301490514
2022-11-05,1610612737,1610612740,1,0.6611897346486519
2022-11-05,1610612750,1610612745,1,0.7265871587490874
2022-11-05,1610612752,1610612738,0,0.5624876136431849
2022-11-06,1610612746,1610612762,0,0.5149146044773312
2022-11-06,1610612761,1610612741,1,0.6161582891229774
2022-11-06,1610612747,1610612739,0,0.3649218350590879
2022-11-06,1610612763,1610612764,1,0.7353935542629365
2022-11-07,1610612746,1610612739,1,0.48802040171235783
2022-11-07,1610612765,1610612760,1,0.4623635432455053
2022-11-07,1610612741,1610612761,1,0.4411295963952364
2022-11-07,1610612737,1610612749,1,0.3859442059285319
2022-11-07,1610612763,1610612738,0,0.5131257741254627
2022-11-07,1610612753,1610612745,0,0.5840789141306995
2022-11-07,1610612762,1610612747,1,0.7220712696261603
2022-11-07,1610612766,1610612764,0,0.6826884482132928
2022-11-07,1610612748,1610612757,0,0.7231804107735783
2022-11-07,1610612750,1610612752,0,0.5772098183394909
2022-11-07,1610612755,1610612756,1,0.480801695822453
2022-11-07,1610612744,1610612758,1,0.6711527622375602
2022-11-07,1610612759,1610612743,0,0.429155537229681
2022-11-07,1610612742,1610612751,1,0.700037076157311
2022-11-07,1610612754,1610612740,1,0.3769573590084854
2022-11-09,1610612759,1610612763,0,0.3561966763154136
2022-11-09,1610612754,1610612743,0,0.3003689388743737
2022-11-09,1610612761,1610612745,1,0.7229424235879863
2022-11-09,1610612738,1610612765,1,0.8070611274799673
2022-11-09,1610612750,1610612756,0,0.3899919710912078
2022-11-09,1610612760,1610612749,0,0.27752695464400207
2022-11-09,1610612751,1610612752,1,0.5206314278719631
2022-11-09,1610612758,1610612739,1,0.3705484924557269
2022-11-09,1610612753,1610612742,1,0.24087924568212185
2022-11-09,1610612741,1610612740,0,0.5418550703846986
2022-11-09,1610612746,1610612747,1,0.6221327340710152
2022-11-09,1610612737,1610612762,0,0.511025794100715
2022-11-09,1610612766,1610612757,0,0.5882304552650839
2022-11-10,1610612764,1610612742,1,0.39725880629002497
2022-11-10,1610612737,1610612755,1,0.45084764243772246
2022-11-10,1610612740,1610612757,0,0.66305932505269
2022-11-10,1610612748,1610612766,1,0.7068991534933029
2022-11-11,1610612763,1610612750,1,0.6421549394564828
2022-11-11,1610612747,1610612758,0,0.39326729263488347
2022-11-11,1610612759,1610612749,1,0.33808263436788283
2022-11-11,1610612760,1610612761,1,0.30882274572003166
2022-11-11,1610612752,1610612765,1,0.6733259866559322
2022-11-11,1610612744,1610612739,1,0.5664158214061275
2022-11-11,1610612753,1610612756,1,0.2706637766885096
2022-11-11,1610612738,1610612743,1,0.5581908491231392
2022-11-12,1610612765,1610612738,0,0.31989290139040094
2022-11-12,1610612754,1610612761,1,0.3566561509381988
2022-11-12,1610612764,1610612762,1,0.39450227160576024
2022-11-12,1610612742,1610612757,1,0.7430209229502385
2022-11-12,1610612740,1610612745,1,0.7001358558978079
2022-11-12,1610612748,1610612766,1,0.6645962102610962
2022-11-12,1610612746,1610612751,0,0.562681880017907
2022-11-12,1610612755,1610612737,1,0.5351724152732819
2022-11-13,1610612752,1610612760,0,0.5944881773300428
2022-11-13,1610612764,1610612763,1,0.3541161465814758
2022-11-13,1610612747,1610612751,1,0.4306539543091018
2022-11-13,1610612755,1610612762,1,0.6051978339919266
2022-11-13,1610612741,1610612743,0,0.5327032158800776
2022-11-13,1610612739,1610612750,0,0.4885973692928848
2022-11-13,1610612758,1610612744,1,0.506671619473758
2022-11-14,1610612748,1610612756,1,0.409725043132025
2022-11-14,1610612765,1610612761,0,0.3287606729299833
2022-11-14,1610612738,1610612760,1,0.769636096232261
2022-11-14,1610612749,1610612737,0,0.5870709443310709
2022-11-14,1610612744,1610612759,1,0.6059092618363445
2022-11-14,1610612753,1610612766,0,0.5646423963014573
2022-11-14,1610612745,1610612746,0,0.4280716821960277
2022-11-15,1610612740,1610612763,1,0.4823403766452474
2022-11-15,1610612742,1610612746,1,0.707185275807028
2022-11-15,1610612758,1610612751,1,0.49623021661114863
2022-11-15,1610612757,1610612759,1,0.6563707840006826
2022-11-15,1610612762,1610612752,0,0.7119445113775238
2022-11-16,1610612742,1610612745,0,0.7380571425323867
2022-11-16,1610612749,1610612739,1,0.5865438531677762
2022-11-16,1610612761,1610612748,1,0.5718536053943548
2022-11-16,1610612740,1610612741,1,0.5847350995894677
2022-11-16,1610612743,1610612752,0,0.7018666287982802
2022-11-16,1610612766,1610612754,0,0.5809805526363839
2022-11-16,1610612737,1610612738,0,0.45410239916829204
2022-11-16,1610612753,1610612750,0,0.3775160413998608
2022-11-16,1610612764,1610612760,0,0.6353495183525131
2022-11-16,1610612756,1610612744,1,0.6090964095306615
2022-11-17,1610612757,1610612751,0,0.5280844852952294
2022-11-17,1610612758,1610612759,1,0.6719636219308823
2022-11-17,1610612746,1610612765,1,0.6852053466274445
2022-11-18,1610612744,1610612752,1,0.573667386009444
2022-11-18,1610612764,1610612748,1,0.42215989217857663
2022-11-18,1610612747,1610612765,1,0.6058685753495399
2022-11-18,1610612739,1610612766,1,0.6761456996057823
2022-11-18,1610612762,1610612756,1,0.5026256699671509
2022-11-18,1610612763,1610612760,1,0.7432503776790844
2022-11-18,1610612745,1610612754,0,0.36261059143597013
2022-11-18,1610612755,1610612749,1,0.5598541484861286
2022-11-18,1610612742,1610612743,1,0.557382880710652
2022-11-18,1610612741,1610612753,0,0.6364081559363644
2022-11-18,1610612740,1610612738,0,0.5516395519606258
2022-11-19,1610612754,1610612753,1,0.6209795386052888
2022-11-19,1610612737,1610612761,1,0.4492752216555244
2022-11-19,1610612755,1610612750,0,0.5099020276790366
2022-11-19,1610612757,1610612762,0,0.5477744150164956
2022-11-19,1610612746,1610612759,1,0.693468694009188
2022-11-20,1610612739,1610612748,1,0.5872555112584862
2022-11-20,1610612756,1610612752,1,0.7208273243268851
2022-11-20,1610612758,1610612765,1,0.7453790068320777
2022-11-20,1610612747,1610612759,1,0.5202564130443725
2022-11-20,1610612764,1610612766,1,0.5861940394386949
2022-11-20,1610612745,1610612744,0,0.2891246931170299
2022-11-20,1610612751,1610612763,1,0.553805105811433
2022-11-20,1610612742,1610612743,0,0.5605173846458535
2022-11-21,1610612739,1610612737,1,0.5508566508041304
2022-11-21,1610612754,1610612753,1,0.5549770018188677
2022-11-21,1610612740,1610612744,1,0.5733944809018431
2022-11-21,1610612750,1610612748,1,0.6608600298892169
2022-11-21,1610612760,1610612752,0,0.5889124347564654
2022-11-21,1610612749,1610612757,1,0.7369801521790162
2022-11-21,1610612746,1610612762,1,0.5685542015208473
2022-11-21,1610612741,1610612738,1,0.4489274109956408
2022-11-22,1610612755,1610612751,1,0.6219555014643198
2022-11-22,1610612756,1610612747,1,0.7327204005234966
2022-11-22,1610612763,1610612758,0,0.7180145254187922
2022-11-22,1610612743,1610612765,0,0.7721576436990262
2022-11-23,1610612744,1610612746,1,0.5122651036863428
2022-11-23,1610612748,1610612764,1,0.661840361056228
2022-11-23,1610612762,1610612765,0,0.8013163372822089
2022-11-23,1610612738,1610612742,1,0.45189439536534765
2022-11-23,1610612760,1610612743,0,0.4518796024420311
2022-11-23,1610612737,1610612758,1,0.7034711531499322
2022-11-23,1610612761,1610612751,0,0.6638854081965767
2022-11-23,1610612766,1610612755,1,0.41438760879660747
2022-11-23,1610612749,1610612741,0,0.6654375118872319
2022-11-23,1610612739,1610612757,1,0.6856727213408697
2022-11-23,1610612759,1610612740,0,0.49275722057670196
2022-11-23,1610612754,1610612750,0,0.38124657386072264
2022-11-25,1610612749,1610612739,1,0.6185175398332987
2022-11-25,1610612748,1610612764,1,0.6525205203180671
2022-11-25,1610612756,1610612765,1,0.7672393677027346
2022-11-25,1610612753,1610612755,0,0.31905527508196424
2022-11-25,1610612760,1610612741,1,0.4368168398181471
2022-11-25,1610612738,1610612758,1,0.7364709623618617
2022-11-25,1610612745,1610612737,1,0.269807279993294
2022-11-25,1610612752,1610612757,0,0.6154963146578912
2022-11-25,1610612766,1610612750,1,0.3560457528779629
2022-11-25,1610612759,1610612747,0,0.4875287177440806
2022-11-25,1610612754,1610612751,1,0.5579687239934079
2022-11-25,1610612746,1610612743,0,0.5352797624212678
2022-11-25,1610612744,1610612762,1,0.4824902813115673
2022-11-25,1610612763,1610612740,1,0.598695351273321
2022-11-26,1610612745,1610612760,1,0.4641654391925754
2022-11-26,1610612759,1610612747,0,0.36648199313033153
2022-11-26,1610612761,1610612742,1,0.5148467652964032
2022-11-26,1610612756,1610612762,1,0.6909687850621639
2022-11-27,1610612753,1610612755,0,0.303926152043861
2022-11-27,1610612749,1610612742,1,0.6559362764342511
2022-11-27,1610612752,1610612763,0,0.41232309753917595
2022-11-27,1610612738,1610612764,1,0.7195029002148634
2022-11-27,1610612737,1610612748,0,0.5924470889960811
2022-11-27,1610612746,1610612754,1,0.6235321858547531
2022-11-27,1610612750,1610612744,0,0.5488415176723525
2022-11-27,1610612751,1610612757,1,0.5862525276257854
2022-11-27,1610612765,1610612739,0,0.3037896776817105
2022-11-28,1610612740,1610612760,1,0.7320270106886828
2022-11-28,1610612747,1610612754,0,0.5704814522279766
2022-11-28,1610612751,1610612753,1,0.723220085298255
2022-11-28,1610612758,1610612756,0,0.3686157159987437
2022-11-28,1610612762,1610612741,0,0.5953404007354125
2022-11-28,1610612761,1610612739,1,0.6486867077240427
2022-11-28,1610612738,1610612766,1,0.7754814380414191
2022-11-28,1610612764,1610612750,1,0.5623190040135124
2022-11-28,1610612755,1610612737,1,0.6097574939850505
2022-11-28,1610612743,1610612745,1,0.7553260016881883
2022-11-29,1610612765,1610612752,0,0.38465341772624445
2022-11-29,1610612742,1610612744,1,0.5979944069750699
2022-11-29,1610612757,1610612746,0,0.5002524431644152
2022-11-30,1610612752,1610612749,0,0.4999172285152587
2022-11-30,1610612739,1610612755,1,0.5332027464279749
2022-11-30,1610612750,1610612763,1,0.43409268164089215
2022-11-30,1610612760,1610612759,1,0.6057558565562287
2022-11-30,1610612743,1610612745,1,0.7451521116351114
2022-11-30,1610612747,1610612757,1,0.5537284274590086
2022-11-30,1610612762,1610612746,1,0.6065149765199263
2022-11-30,1610612751,1610612764,1,0.5889756545162471
2022-11-30,1610612756,1610612741,1,0.6522350531762219
2022-11-30,1610612753,1610612737,0,0.2914861382806496
2022-11-30,1610612758,1610612754,1,0.5592688302459147
2022-11-30,1610612740,1610612761,1,0.6305298830224147
2022-11-30,1610612738,1610612748,1,0.6937759520632195
2022-12-01,1610612765,1610612742,1,0.30036017428599643
2022-12-02,1610612749,1610612747,0,0.6949272484252493
2022-12-02,1610612759,1610612740,0,0.4160391143854704
2022-12-02,1610612766,1610612764,1,0.4413315770213647
2022-12-02,1610612739,1610612753,1,0.747689817874627
2022-12-02,1610612751,1610612761,1,0.5483719260588861
2022-12-02,1610612737,1610612743,1,0.4824061921241052
2022-12-02,1610612738,1610612748,0,0.7292204213114046
2022-12-02,1610612763,1610612755,1,0.5824264392975251
2022-12-02,1610612762,1610612754,1,0.6696461421294478
2022-12-02,1610612756,1610612745,0,0.7955026216005844
2022-12-02,1610612744,1610612741,1,0.6737766409719136
2022-12-03,1610612746,1610612758,0,0.6560087627019623
2022-12-03,1610612761,1610612753,1,0.7655492007615827
2022-12-03,1610612744,1610612745,1,0.727072396823569
2022-12-03,1610612750,1610612760,0,0.6573763520551354
2022-12-03,1610612762,1610612757,0,0.7046229081788716
2022-12-03,1610612766,1610612749,0,0.4057234189477092
2022-12-03,1610612752,1610612742,0,0.4676498571926122
2022-12-04,1610612759,1610612756,0,0.18396794674364045
2022-12-04,1610612758,1610612741,1,0.5733240166749641
2022-12-04,1610612757,1610612754,1,0.5811214466256832
2022-12-04,1610612765,1610612763,0,0.2657947694932371
2022-12-04,1610612764,1610612747,0,0.6073303973944127
2022-12-04,1610612740,1610612743,1,0.558892016652224
2022-12-04,1610612752,1610612739,1,0.4902959843800567
2022-12-04,1610612751,1610612738,0,0.438019688739728
2022-12-05,1610612753,1610612749,0,0.21922379758700056
2022-12-05,1610612742,1610612756,1,0.5810157502980112
2022-12-05,1610612766,1610612746,0,0.43670748177101504
2022-12-05,1610612744,1610612754,0,0.7403666670438878
2022-12-05,1610612745,1610612755,1,0.2796841550575512
2022-12-05,1610612763,1610612748,1,0.6351987147109736
2022-12-05,1610612737,1610612760,0,0.6968141312025892
2022-12-05,1610612761,1610612738,0,0.5075866559585623
2022-12-06,1610612743,1610612742,0,0.6326078001473263
2022-12-06,1610612739,1610612747,1,0.7394170854897836
2022-12-06,1610612748,1610612765,0,0.6467602864030656
2022-12-07,1610612752,1610612737,1,0.5383040769121535
2022-12-07,1610612751,1610612766,1,0.6888856783130973
2022-12-07,1610612753,1610612746,1,0.2457675645584706
2022-12-07,1610612761,1610612747,1,0.7086164142384266
2022-12-07,1610612749,1610612758,1,0.6453781200542958
2022-12-07,1610612763,1610612760,1,0.7182790425640682
2022-12-07,1610612750,1610612754,1,0.6453784255046953
2022-12-07,1610612741,1610612764,1,0.528836717864411
2022-12-07,1610612740,1610612765,1,0.7394419002656204
2022-12-07,1610612762,1610612744,1,0.620406931974454
2022-12-07,1610612756,1610612738,0,0.6274033626728855
2022-12-08,1610612748,1610612746,1,0.5866499561559105
2022-12-08,1610612757,1610612743,0,0.4054464100401642
2022-12-08,1610612759,1610612745,1,0.42968951654846194
2022-12-09,1610612762,1610612750,0,0.5812797064534162
2022-12-09,1610612739,1610612758,0,0.7285728290359716
2022-12-09,1610612742,1610612749,0,0.5869562988527883
2022-12-09,1610612753,1610612761,1,0.23109648606775826
2022-12-09,1610612754,1610612764,1,0.5121913538842199
2022-12-09,1610612740,1610612756,1,0.5605677405838781
2022-12-09,1610612751,1610612737,1,0.5229687478003906
2022-12-09,1610612755,1610612747,1,0.6698122467117908
2022-12-09,1610612763,1610612765,1,0.7071369552013482
2022-12-09,1610612766,1610612752,0,0.3799336343931748
2022-12-10,1610612744,1610612738,1,0.3701872324665092
2022-12-10,1610612764,1610612746,0,0.51333049649799
2022-12-10,1610612748,1610612759,0,0.7207857828734093
2022-12-10,1610612743,1610612762,1,0.6104257398460996
2022-12-10,1610612741,1610612742,1,0.48449209710276064
2022-12-10,1610612754,1610612751,0,0.47729457608073167
2022-12-10,1610612757,1610612750,1,0.5125021887156245
2022-12-10,1610612739,1610612760,1,0.7051879603287418
2022-12-11,1610612737,1610612741,1,0.6253604001786879
2022-12-11,1610612765,1610612747,0,0.3858590467853965
2022-12-11,1610612755,1610612766,1,0.6854390569714894
2022-12-11,1610612740,1610612756,1,0.5255599271999135
2022-12-11,1610612753,1610612761,1,0.26737384128052166
2022-12-11,1610612752,1610612758,1,0.548446570740426
2022-12-11,1610612745,1610612749,1,0.2648600663460017
2022-12-12,1610612757,1610612750,1,0.39998130436135887
2022-12-12,1610612764,1610612751,0,0.38649570825237917
2022-12-12,1610612742,1610612760,1,0.669229070662717
2022-12-12,1610612746,1610612738,1,0.3710846451324644
2022-12-12,1610612763,1610612737,1,0.6943385438156471
2022-12-12,1610612759,1610612739,1,0.6356087498434819
2022-12-12,1610612754,1610612748,0,0.4476569533876963
2022-12-13,1610612747,1610612738,0,0.36348546721020736
2022-12-13,1610612762,1610612740,1,0.38696969297185513
2022-12-13,1610612755,1610612758,1,0.6141280715938118
2022-12-13,1610612745,1610612756,1,0.22612333694540498
2022-12-13,1610612749,1610612744,1,0.6362577968526903
2022-12-14,1610612753,1610612737,1,0.3016812242760947
2022-12-14,1610612754,1610612744,1,0.460459592554871
2022-12-14,1610612743,1610612764,1,0.6742282935395129
2022-12-14,1610612766,1610612765,0,0.47701660906043775
2022-12-14,1610612761,1610612758,0,0.6107549217733678
2022-12-14,1610612759,1610612757,0,0.3492528967053131
2022-12-14,1610612760,1610612748,0,0.4564066881455621
2022-12-14,1610612741,1610612752,0,0.48640550063517585
2022-12-14,1610612742,1610612739,0,0.6635928448314903
2022-12-14,1610612746,1610612750,1,0.5770211716986867
2022-12-15,1610612762,1610612740,1,0.5049678625994931
2022-12-15,1610612745,1610612748,0,0.47348746385760965
2022-12-15,1610612746,1610612756,0,0.4709235563533446
2022-12-15,1610612763,1610612749,1,0.5854457810959328
2022-12-16,1610612755,1610612744,1,0.6518947105245556
2022-12-16,1610612761,1610612751,0,0.4953396367819557
2022-12-16,1610612738,1610612753,0,0.7703045516367679
2022-12-16,1610612741,1610612752,0,0.44947768462940857
2022-12-16,1610612747,1610612743,1,0.4705725307434334
2022-12-16,1610612765,1610612758,0,0.3522555812087136
2022-12-16,1610612739,1610612754,1,0.7074440270314343
2022-12-16,1610612742,1610612757,1,0.5890669248805961
2022-12-16,1610612766,1610612737,0,0.3949359006718068
2022-12-16,1610612760,1610612750,0,0.3744974241664734
2022-12-17,1610612760,1610612763,1,0.2880198453971533
2022-12-17,1610612756,1610612740,1,0.6024523801087542
2022-12-17,1610612746,1610612764,1,0.5299630193022422
2022-12-17,1610612759,1610612748,0,0.3938103347028508
2022-12-17,1610612745,1610612757,0,0.43068820571196165
2022-12-17,1610612739,1610612742,1,0.646605528410449
2022-12-17,1610612749,1610612762,1,0.5601070935815309
2022-12-18,1610612743,1610612766,1,0.7087523451106051
2022-12-18,1610612738,1610612753,0,0.7911508646507468
2022-12-18,1610612747,1610612764,1,0.6932338329820029
2022-12-18,1610612765,1610612751,0,0.30958407932329535
2022-12-18,1610612750,1610612741,1,0.6467627765101269
2022-12-18,1610612754,1610612752,0,0.4394184855829286
2022-12-18,1610612761,1610612744,0,0.5005512333456203
2022-12-19,1610612755,1610612761,1,0.6667055994029878
2022-12-19,1610612756,1610612747,1,0.7463283403075643
2022-12-19,1610612737,1610612753,1,0.6839201880170582
2022-12-19,1610612745,1610612759,0,0.45186693073175715
2022-12-19,1610612750,1610612742,1,0.4962708649430992
2022-12-19,1610612760,1610612757,1,0.39483746331474595
2022-12-19,1610612740,1610612749,0,0.5768200143514233
2022-12-19,1610612739,1610612762,1,0.6008545429929962
2022-12-19,1610612758,1610612766,0,0.7429052106253492
2022-12-20,1610612743,1610612763,1,0.45339178063550034
2022-12-20,1610612756,1610612764,0,0.7092309740144513
2022-12-20,1610612765,1610612762,0,0.47830045682021205
2022-12-20,1610612752,1610612744,1,0.5850716658046213
2022-12-20,1610612748,1610612741,0,0.6289625228276844
2022-12-21,1610612739,1610612749,1,0.5072168219776958
2022-12-21,1610612755,1610612765,1,0.7609239146136088
2022-12-21,1610612750,1610612742,0,0.5086299509048706
2022-12-21,1610612737,1610612741,0,0.6789568001245374
2022-12-21,1610612745,1610612753,0,0.4369017695953083
2022-12-21,1610612751,1610612744,1,0.634998650206108
2022-12-21,1610612738,1610612754,0,0.6868382914112641
2022-12-21,1610612758,1610612747,1,0.6593887933509163
2022-12-21,1610612746,1610612766,1,0.6424061795500381
2022-12-21,1610612752,1610612761,0,0.626054976458852
2022-12-21,1610612760,1610612757,1,0.511718886969946
2022-12-22,1610612740,1610612759,1,0.7043300481162106
2022-12-22,1610612762,1610612764,1,0.6171928823092055
2022-12-23,1610612748,1610612754,0,0.6130088631758204
2022-12-23,1610612753,1610612759,1,0.6015063713587409
2022-12-23,1610612755,1610612746,1,0.6794847277623733
2022-12-23,1610612738,1610612750,1,0.5998203361095802
2022-12-23,1610612751,1610612749,1,0.4289047232640377
2022-12-23,1610612737,1610612765,1,0.6389234722542141
2022-12-23,1610612745,1610612742,0,0.2479129765620668
2022-12-23,1610612747,1610612766,0,0.5496457627133201
2022-12-23,1610612743,1610612757,1,0.693101791952589
2022-12-23,1610612752,1610612741,0,0.6304050925021191
2022-12-23,1610612758,1610612764,0,0.6645401787930902
2022-12-23,1610612756,1610612763,0,0.5372310193393434
2022-12-23,1610612760,1610612740,0,0.4653529476653459
2022-12-23,1610612739,1610612761,0,0.5886859180725172
2022-12-25,1610612743,1610612756,1,0.5018569940581835
2022-12-25,1610612744,1610612763,1,0.4854300487886265
2022-12-25,1610612742,1610612747,1,0.6330432479546635
2022-12-25,1610612752,1610612755,0,0.5626713707476779
2022-12-25,1610612738,1610612749,1,0.5674846433203551
2022-12-26,1610612757,1610612766,1,0.6373892349212416
2022-12-26,1610612739,1610612751,0,0.5725308582867213
2022-12-26,1610612759,1610612762,1,0.3545668052071992
2022-12-26,1610612748,1610612750,1,0.5407301396093429
2022-12-26,1610612765,1610612746,0,0.367504165480608
2022-12-26,1610612741,1610612745,0,0.7047871860865419
2022-12-26,1610612740,1610612754,1,0.6757421209104272
2022-12-27,1610612742,1610612752,1,0.5443243400062132
2022-12-27,1610612764,1610612755,1,0.3377134310067623
2022-12-27,1610612738,1610612745,1,0.7874997812982599
2022-12-27,1610612753,1610612747,0,0.5535418602808323
2022-12-27,1610612763,1610612756,0,0.545374130973032
2022-12-27,1610612744,1610612766,1,0.7545857860976354
2022-12-27,1610612754,1610612737,1,0.502032106039506
2022-12-27,1610612761,1610612746,0,0.5811768367588829
2022-12-27,1610612760,1610612759,1,0.6445025697885091
2022-12-27,1610612758,1610612743,0,0.42118893479635905
2022-12-28,1610612758,1610612743,1,0.4946938511255865
2022-12-28,1610612741,1610612749,1,0.46138768520397727
2022-12-28,1610612740,1610612750,1,0.6026182659883164
2022-12-28,1610612737,1610612751,0,0.4181847341870356
2022-12-28,1610612765,1610612753,1,0.5517457313276191
2022-12-28,1610612764,1610612756,1,0.36914224275337615
2022-12-28,1610612744,1610612762,1,0.614058699900379
2022-12-28,1610612748,1610612747,1,0.7182366399255222
2022-12-29,1610612766,1610612760,1,0.41964378051479234
2022-12-29,1610612742,1610612745,1,0.7281296412751127
2022-12-29,1610612759,1610612752,1,0.3001796328790372
2022-12-29,1610612761,1610612763,0,0.40850836467441676
2022-12-29,1610612754,1610612739,1,0.4722989205965269
2022-12-29,1610612738,1610612746,1,0.6433150177254465
2022-12-30,1610612758,1610612762,1,0.5301054202999229
2022-12-30,1610612743,1610612748,1,0.585601251055915
2022-12-30,1610612749,1610612750,1,0.5736044955827186
2022-12-30,1610612744,1610612757,1,0.5909477653757959
2022-12-30,1610612740,1610612755,1,0.4726063675515617
2022-12-30,1610612753,1610612764,0,0.3887750754721355
2022-12-30,1610612741,1610612765,1,0.6570358890407364
2022-12-30,1610612761,1610612756,1,0.37872233143888256
2022-12-30,1610612737,1610612747,0,0.6166863917835435
2022-12-31,1610612766,1610612751,0,0.29345642906260205
2022-12-31,1610612763,1610612740,1,0.7041803113988976
2022-12-31,1610612750,1610612765,0,0.7005929892534007
2022-12-31,1610612760,1610612755,0,0.46093996495965406
2022-12-31,1610612762,1610612748,0,0.5590349747554714
2022-12-31,1610612741,1610612739,0,0.5440717485215524
2022-12-31,1610612759,1610612742,0,0.29768410809872126
2022-12-31,1610612754,1610612746,1,0.41536888482851986
2022-12-31,1610612745,1610612752,0,0.32230927138228427
2023-01-01,1610612763,1610612758,1,0.7351910209006028
2023-01-01,1610612743,1610612738,1,0.45998244303366165
2023-01-01,1610612749,1610612764,0,0.6536221625714496
2023-01-02,1610612752,1610612756,1,0.49805631863666966
2023-01-02,1610612755,1610612740,1,0.5231352219928105
2023-01-02,1610612766,1610612747,0,0.503545695505342
2023-01-02,1610612754,1610612761,1,0.4268034861102741
2023-01-02,1610612750,1610612743,1,0.5585573128733908
2023-01-02,1610612757,1610612765,1,0.6876169606594847
2023-01-02,1610612751,1610612759,1,0.7062892739320361
2023-01-02,1610612746,1610612748,0,0.5328568692478454
2023-01-02,1610612745,1610612742,0,0.2701787523193133
2023-01-02,1610612744,1610612737,1,0.5879587755162593
2023-01-02,1610612739,1610612741,1,0.6321545496174248
2023-01-03,1610612760,1610612738,1,0.28770778537436126
2023-01-03,1610612749,1610612764,1,0.6584763597902793
2023-01-03,1610612762,1610612758,0,0.5691624341955732
2023-01-04,1610612758,1610612737,0,0.6574839095241055
2023-01-04,1610612752,1610612759,1,0.7007935387758062
2023-01-04,1610612766,1610612763,0,0.2662885716770448
2023-01-04,1610612740,1610612745,1,0.7918987343445371
2023-01-04,1610612761,1610612749,0,0.548706735840745
2023-01-04,1610612741,1610612751,1,0.4908568302873627
2023-01-04,1610612744,1610612765,0,0.7208215499333553
2023-01-04,1610612747,1610612748,1,0.45932068891899597
2023-01-04,1610612755,1610612754,1,0.6664340368384322
2023-01-04,1610612739,1610612756,1,0.5246009121903624
2023-01-04,1610612753,1610612760,1,0.4542266347277916
2023-01-04,1610612750,1610612757,1,0.5821670691412385
2023-01-05,1610612753,1610612763,0,0.3125978554082603
2023-01-05,1610612742,1610612738,0,0.40290974149316994
2023-01-05,1610612745,1610612762,0,0.27249041967341153
2023-01-05,1610612743,1610612746,1,0.5723097653595287
2023-01-06,1610612750,1610612746,1,0.5641979045352457
2023-01-06,1610612743,1610612739,1,0.5766698219726796
2023-01-06,1610612756,1610612748,0,0.5427528646444131
2023-01-06,1610612760,1610612764,1,0.47559717187732736
2023-01-06,1610612749,1610612766,0,0.6858324393625695
2023-01-06,1610612761,1610612752,0,0.45833106095777876
2023-01-06,1610612759,1610612765,1,0.5096619973360704
2023-01-06,1610612747,1610612737,1,0.6127361711965295
2023-01-06,1610612754,1610612757,1,0.5425931579022452
2023-01-06,1610612755,1610612741,0,0.6281285143559254
2023-01-06,1610612740,1610612751,0,0.45371031996427574
2023-01-07,1610612758,1610612747,0,0.6736589950772688
2023-01-07,1610612741,1610612762,1,0.557218901519408
2023-01-07,1610612744,1610612753,0,0.710133498360944
2023-01-07,1610612759,1610612738,0,0.28519259375626543
2023-01-07,1610612742,1610612740,1,0.6254097507668187
2023-01-08,1610612745,1610612750,0,0.29366611276373117
2023-01-08,1610612761,1610612757,1,0.5363001150333389
2023-01-08,1610612763,1610612762,1,0.7426262821814901
2023-01-08,1610612746,1610612737,0,0.6192368505620062
2023-01-08,1610612754,1610612766,1,0.5793210560799753
2023-01-08,1610612760,1610612742,1,0.49698402549982673
2023-01-08,1610612765,1610612755,0,0.3258569743229102
2023-01-08,1610612748,1610612751,0,0.48584072008692897
2023-01-08,1610612756,1610612739,0,0.5074441607542067
2023-01-09,1610612752,1610612749,0,0.5168761368969713
2023-01-09,1610612763,1610612759,1,0.7223635663878459
2023-01-09,1610612743,1610612747,1,0.7371200015919152
2023-01-09,1610612764,1610612740,0,0.4649148272942507
2023-01-09,1610612738,1610612741,1,0.7180532106151221
2023-01-09,1610612758,1610612753,1,0.6799114642514067
2023-01-10,1610612748,1610612760,1,0.6779008830862134
2023-01-10,1610612761,1610612766,1,0.5992752818072132
2023-01-10,1610612762,1610612739,1,0.4752444881970704
2023-01-10,1610612755,1610612765,1,0.7493282018267983
2023-01-10,1610612744,1610612756,0,0.5736750567376038
2023-01-10,1610612757,1610612753,0,0.6606363997462045
2023-01-10,1610612746,1610612742,1,0.4999108334113991
2023-01-11,1610612758,1610612745,1,0.746845134502813
2023-01-11,1610612743,1610612756,1,0.7880645857936738
2023-01-11,1610612763,1610612759,1,0.7611632679702877
2023-01-11,1610612737,1610612749,0,0.5425608069728259
2023-01-11,1610612752,1610612754,1,0.6252863433505962
2023-01-11,1610612738,1610612740,1,0.5552664476999123
2023-01-11,1610612764,1610612741,1,0.5620552215149418
2023-01-11,1610612765,1610612750,1,0.31761870057098224
2023-01-12,1610612755,1610612760,0,0.6452816936217067
2023-01-12,1610612747,1610612742,0,0.5235696398404415
2023-01-12,1610612757,1610612739,0,0.4786285553663015
2023-01-12,1610612751,1610612738,0,0.6374454765621831
2023-01-12,1610612748,1610612749,1,0.6160853714152551
2023-01-12,1610612761,1610612766,1,0.5652082509840685
2023-01-13,1610612765,1610612740,0,0.3059995569713934
2023-01-13,1610612764,1610612752,0,0.5603108520041353
2023-01-13,1610612754,1610612737,0,0.4710465108064424
2023-01-13,1610612759,1610612744,0,0.5011154467243737
2023-01-13,1610612750,1610612756,1,0.584740392803166
2023-01-13,1610612741,1610612760,0,0.6838209797591144
2023-01-13,1610612762,1610612753,1,0.6808036726637069
2023-01-13,1610612746,1610612743,0,0.45001616274888684
2023-01-13,1610612758,1610612745,1,0.7789788531760418
2023-01-14,1610612762,1610612755,0,0.5404758566028887
2023-01-14,1610612750,1610612739,1,0.482987560668451
2023-01-14,1610612757,1610612742,1,0.41309618034678325
2023-01-14,1610612761,1610612737,0,0.6089437090241455
2023-01-14,1610612748,1610612749,1,0.568566260170935
2023-01-14,1610612754,1610612763,0,0.3752260194419732
2023-01-14,1610612766,1610612738,0,0.30612784643810703
2023-01-15,1610612741,1610612744,1,0.5414109586354872
2023-01-15,1610612747,1610612755,0,0.5609156500966666
2023-01-15,1610612751,1610612760,0,0.7086234413104471
2023-01-15,1610612757,1610612742,1,0.5553424697873982
2023-01-15,1610612746,1610612745,1,0.7014894289822889
2023-01-15,1610612743,1610612753,1,0.7607550103208941
2023-01-15,1610612759,1610612758,0,0.46539038711672953
2023-01-15,1610612765,1610612752,0,0.3734853729208967
2023-01-16,1610612766,1610612738,0,0.2984589231237803
2023-01-16,1610612764,1610612744,0,0.6556957748529957
2023-01-16,1610612749,1610612754,1,0.6930955936199473
2023-01-16,1610612763,1610612756,1,0.6513667314888082
2023-01-16,1610612737,1610612748,1,0.466412331664638
2023-01-16,1610612747,1610612745,1,0.7755602024904452
2023-01-16,1610612752,1610612761,0,0.572397313124601
2023-01-16,1610612750,1610612762,0,0.5123924278208394
2023-01-16,1610612739,1610612740,1,0.46405130773411307
2023-01-17,1610612749,1610612761,1,0.6837044379732061
2023-01-17,1610612759,1610612751,1,0.3186263353329683
2023-01-17,1610612743,1610612757,1,0.6774077026626962
2023-01-17,1610612746,1610612755,0,0.49340572667567606
2023-01-18,1610612740,1610612748,0,0.49597604057328837
2023-01-18,1610612762,1610612746,1,0.6902613860007424
2023-01-18,1610612760,1610612754,1,0.6878495051734151
2023-01-18,1610612745,1610612766,0,0.35970828287413315
2023-01-18,1610612743,1610612750,1,0.61583501248836
2023-01-18,1610612747,1610612758,0,0.5290130754313266
2023-01-18,1610612742,1610612737,0,0.6606899578430697
2023-01-18,1610612752,1610612764,0,0.5954774705854675
2023-01-18,1610612763,1610612739,1,0.49978743571991635
2023-01-19,1610612738,1610612744,1,0.6376709194288032
2023-01-19,1610612750,1610612761,1,0.5767928656587783
2023-01-19,1610612757,1610612755,0,0.4467624635907925
2023-01-19,1610612756,1610612751,1,0.36126121733976946
2023-01-19,1610612765,1610612741,0,0.33824532762506093
2023-01-20,1610612753,1610612740,1,0.34588397670654214
2023-01-20,1610612737,1610612752,1,0.571287169855053
2023-01-20,1610612759,1610612746,0,0.41997839163040246
2023-01-20,1610612742,1610612748,1,0.5458340568179529
2023-01-20,1610612762,1610612751,0,0.570932855146365
2023-01-20,1610612743,1610612754,1,0.6954746618721518
2023-01-20,1610612747,1610612763,1,0.3829944723735455
2023-01-20,1610612758,1610612760,1,0.6346105540766032
2023-01-20,1610612739,1610612744,0,0.7171034356551476
2023-01-21,1610612737,1610612766,0,0.6251681842489386
2023-01-21,1610612761,1610612738,0,0.3546770982863887
2023-01-21,1610612758,1610612755,0,0.5214810787078838
2023-01-21,1610612756,1610612754,1,0.6120315002064024
2023-01-21,1610612750,1610612745,1,0.7944004088683471
2023-01-21,1610612739,1610612749,1,0.4882040319693188
2023-01-21,1610612764,1610612753,1,0.6641732813928719
2023-01-22,1610612748,1610612740,1,0.5881353034142377
2023-01-22,1610612757,1610612747,0,0.631918239235318
2023-01-22,1610612756,1610612763,1,0.4425131637515867
2023-01-22,1610612744,1610612751,0,0.4238155287518235
2023-01-22,1610612742,1610612746,0,0.6313003155730301
2023-01-22,1610612761,1610612752,1,0.4953187293968645
2023-01-22,1610612743,1610612760,0,0.7067786198591655
2023-01-23,1610612765,1610612749,0,0.278760113547245
2023-01-23,1610612758,1610612763,1,0.6015642729572807
2023-01-23,1610612753,1610612738,1,0.2591228991732172
2023-01-23,1610612757,1610612759,1,0.5824697173247753
2023-01-23,1610612745,1610612750,1,0.36072414083008075
2023-01-23,1610612762,1610612766,1,0.6659379389327897
2023-01-23,1610612741,1610612737,1,0.5325400319804037
2023-01-24,1610612748,1610612738,1,0.5496933352709471
2023-01-24,1610612742,1610612764,0,0.604660966026869
2023-01-24,1610612752,1610612739,1,0.4691977792545041
2023-01-24,1610612740,1610612743,0,0.42235296764639574
2023-01-24,1610612756,1610612766,1,0.7095531637266758
2023-01-24,1610612754,1610612741,1,0.5277944997882617
2023-01-24,1610612747,1610612746,0,0.519508147646671
2023-01-25,1610612755,1610612751,1,0.4696159490831918
2023-01-25,1610612760,1610612737,0,0.5538106573347265
2023-01-25,1610612753,1610612754,1,0.574759806691491
2023-01-25,1610612749,1610612743,1,0.541806642117492
2023-01-25,1610612740,1610612750,0,0.6007731326277836
2023-01-25,1610612747,1610612759,1,0.6594702211624638
2023-01-25,1610612745,1610612764,0,0.42527746854814513
2023-01-25,1610612757,1610612762,1,0.5092075507517614
2023-01-25,1610612744,1610612763,1,0.5857504429976467
2023-01-25,1610612758,1610612761,0,0.6187221583490332
2023-01-26,1610612751,1610612765,0,0.7667170298378951
2023-01-26,1610612766,1610612741,1,0.43132481311507315
2023-01-26,1610612745,1610612739,0,0.2709283963579425
2023-01-26,1610612756,1610612742,0,0.5152132347616903
2023-01-26,1610612738,1610612752,0,0.5516217265688527
2023-01-26,1610612746,1610612759,1,0.6774614615238755
2023-01-27,1610612760,1610612739,1,0.5603931059024129
2023-01-27,1610612754,1610612749,0,0.4147645959015626
2023-01-27,1610612750,1610612763,1,0.4877848106134526
2023-01-27,1610612748,1610612753,1,0.711234181752273
2023-01-27,1610612744,1610612761,1,0.6295128623270153
2023-01-28,1610612757,1610612761,0,0.6468759917355533
2023-01-28,1610612737,1610612746,0,0.5630591911500948
2023-01-28,1610612738,1610612747,1,0.697893183366275
2023-01-28,1610612765,1610612745,0,0.5827714380297856
2023-01-28,1610612762,1610612742,1,0.499892037367188
2023-01-28,1610612759,1610612756,0,0.33523994277490654
2023-01-28,1610612740,1610612764,0,0.6013331827864019
2023-01-28,1610612753,1610612741,0,0.4512778755597688
2023-01-28,1610612751,1610612752,1,0.5746946200955485
2023-01-28,1610612755,1610612743,1,0.4713116632015467
2023-01-28,1610612750,1610612758,1,0.5269006440978911
2023-01-29,1610612763,1610612754,1,0.6449993722894116
2023-01-29,1610612766,1610612748,1,0.4359499152875468
2023-01-29,1610612739,1610612746,1,0.6796416169325582
2023-01-29,1610612749,1610612740,1,0.7659547451561394
2023-01-30,1610612742,1610612765,1,0.6879142167418734
2023-01-30,1610612757,1610612737,1,0.50348880969926
2023-01-30,1610612756,1610612761,1,0.576707127043405
2023-01-30,1610612751,1610612747,1,0.6635695058462049
2023-01-30,1610612755,1610612753,0,0.6780897416074805
2023-01-30,1610612759,1610612764,0,0.3551310838092705
2023-01-30,1610612750,1610612758,0,0.6427050001848305
2023-01-30,1610612760,1610612744,0,0.5511871091938115
2023-01-31,1610612739,1610612748,0,0.657988917447458
2023-01-31,1610612752,1610612747,0,0.6824332018252461
2023-01-31,1610612749,1610612766,1,0.697678438631092
2023-01-31,1610612741,1610612746,0,0.5136125659112261
2023-01-31,1610612743,1610612740,1,0.7135689495434089
2023-02-01,1610612756,1610612737,0,0.6362500748524715
2023-02-01,1610612762,1610612761,1,0.5868362507260368
2023-02-01,1610612738,1610612751,1,0.5766094369489896
2023-02-01,1610612745,1610612760,1,0.3975271424420919
2023-02-01,1610612755,1610612753,1,0.6936536839676479
2023-02-01,1610612759,1610612758,0,0.526431635952601
2023-02-01,1610612750,1610612744,1,0.5503333287201011
2023-02-01,1610612763,1610612757,0,0.7136235484609167
2023-02-02,1610612739,1610612763,1,0.5943773860253272
2023-02-02,1610612742,1610612740,1,0.6596002363567063
2023-02-02,1610612743,1610612744,1,0.7515544809887204
2023-02-02,1610612754,1610612747,0,0.49079440173152217
2023-02-02,1610612752,1610612748,1,0.5564043642681884
2023-02-02,1610612749,1610612746,1,0.6094231369173673
2023-02-02,1610612741,1610612766,1,0.6613112099981474
2023-02-03,1610612754,1610612758,1,0.5819815217939726
2023-02-03,1610612762,1610612737,0,0.5561579505818404
2023-02-03,1610612738,1610612756,0,0.6950829408207402
2023-02-03,1610612764,1610612757,0,0.7083608917709628
2023-02-03,1610612759,1610612755,0,0.20189978380960938
2023-02-03,1610612765,1610612766,1,0.5174506847340751
2023-02-03,1610612750,1610612753,0,0.5505910408647876
2023-02-03,1610612745,1610612761,0,0.3313982735821715
2023-02-04,1610612765,1610612756,0,0.38600332856026426
2023-02-04,1610612752,1610612746,0,0.48164460333118697
2023-02-04,1610612751,1610612764,1,0.7380109538798072
2023-02-04,1610612741,1610612757,1,0.7400983135682127
2023-02-04,1610612749,1610612748,1,0.4659395713311459
2023-02-04,1610612760,1610612745,1,0.7319532623103555
2023-02-04,1610612744,1610612742,1,0.6266393871151728
2023-02-04,1610612743,1610612737,1,0.7662363919148938
2023-02-04,1610612740,1610612747,1,0.436270767696225
2023-02-05,1610612752,1610612755,1,0.5309058214999351
2023-02-05,1610612740,1610612758,1,0.45298426254855534
2023-02-05,1610612750,1610612743,1,0.5136225682145612
2023-02-05,1610612754,1610612739,0,0.4370767847544182
2023-02-05,1610612766,1610612753,0,0.40522068598611966
2023-02-05,1610612763,1610612761,0,0.6313290501283829
2023-02-06,1610612745,1610612758,0,0.3398575167291385
2023-02-06,1610612762,1610612742,0,0.5399548505053978
2023-02-06,1610612757,1610612749,0,0.48034805115841495
2023-02-06,1610612765,1610612738,0,0.2847976150492052
2023-02-06,1610612744,1610612760,1,0.6270420020848846
2023-02-06,1610612751,1610612746,0,0.6119439247373449
2023-02-06,1610612741,1610612759,1,0.725910232677363
2023-02-06,1610612764,1610612739,0,0.518810827809528
2023-02-07,1610612743,1610612750,1,0.6622027391217652
2023-02-07,1610612751,1610612756,0,0.6375979372548002
2023-02-07,1610612763,1610612741,1,0.6626488678869303
2023-02-07,1610612740,1610612737,1,0.5660102703294553
2023-02-07,1610612753,1610612752,0,0.515320516786258
2023-02-07,1610612747,1610612760,0,0.6826608371623624
2023-02-08,1610612764,1610612766,1,0.6208352403358817
2023-02-08,1610612746,1610612742,0,0.5625572977597219
2023-02-08,1610612757,1610612744,1,0.5591901502622431
2023-02-08,1610612739,1610612765,1,0.7647087553830509
2023-02-08,1610612762,1610612750,0,0.5730926336780762
2023-02-08,1610612748,1610612754,1,0.6869932392027358
2023-02-08,1610612738,1610612755,1,0.6022315885933328
2023-02-08,1610612761,1610612759,1,0.760872843150602
2023-02-08,1610612745,1610612758,0,0.3024896283394432
2023-02-09,1610612737,1610612756,1,0.5372960529964154
2023-02-09,1610612747,1610612749,0,0.44000359675488077
2023-02-09,1610612753,1610612743,1,0.3438199708005942
2023-02-09,1610612751,1610612741,1,0.6476974252584852
2023-02-10,1610612761,1610612762,0,0.6436692141331748
2023-02-10,1610612738,1610612766,1,0.7724913594150966
2023-02-10,1610612748,1610612745,1,0.7255921287590718
2023-02-10,1610612754,1610612756,0,0.4404156366319424
2023-02-10,1610612758,1610612742,0,0.4742869451252934
2023-02-10,1610612763,1610612750,1,0.6223783687251495
2023-02-10,1610612755,1610612752,1,0.6179175592169588
2023-02-10,1610612740,1610612739,0,0.4437948905959374
2023-02-10,1610612765,1610612759,1,0.36793202234812045
2023-02-10,1610612746,1610612749,0,0.555271940712056
2023-02-10,1610612757,1610612760,0,0.6403579119825435
2023-02-11,1610612766,1610612743,0,0.28886576879498177
2023-02-11,1610612758,1610612742,1,0.5390973489940217
2023-02-11,1610612751,1610612755,0,0.6225099440856341
2023-02-11,1610612764,1610612754,1,0.6687743355467466
2023-02-11,1610612739,1610612741,1,0.6916724439294873
2023-02-11,1610612753,1610612748,0,0.5934197092311289
2023-02-11,1610612752,1610612762,1,0.6216198783373981
2023-02-11,1610612744,1610612747,0,0.701425239089666
2023-02-11,1610612737,1610612759,1,0.7656984438146414
2023-02-12,1610612761,1610612765,1,0.7109487531079357
2023-02-12,1610612738,1610612763,1,0.6002902110923218
2023-02-13,1610612755,1610612745,1,0.7626724791571619
2023-02-13,1610612754,1610612762,0,0.41415656950084434
2023-02-13,1610612766,1610612737,1,0.3536860094265746
2023-02-13,1610612748,1610612743,0,0.5247660585083033
2023-02-13,1610612760,1610612740,0,0.592927101228563
2023-02-13,1610612752,1610612751,1,0.43789887531087496
2023-02-13,1610612739,1610612759,1,0.8041006790535385
2023-02-13,1610612742,1610612750,0,0.581286149109722
2023-02-13,1610612757,1610612747,1,0.615192733616651
2023-02-13,1610612744,1610612764,1,0.6200016522545302
2023-02-13,1610612741,1610612753,0,0.5957898141334722
2023-02-14,1610612756,1610612758,1,0.6554914113356706
2023-02-14,1610612749,1610612738,1,0.4329129517097309
2023-02-14,1610612757,1610612764,0,0.6364355893480133
2023-02-14,1610612746,1610612744,1,0.7081223863881806
2023-02-14,1610612761,1610612753,1,0.7134731477132192
2023-02-15,1610612737,1610612752,0,0.5489396114274849
2023-02-15,1610612738,1610612765,1,0.71158052893537
2023-02-15,1610612751,1610612748,1,0.5088458170337742
2023-02-15,1610612755,1610612739,1,0.5289047233502202
2023-02-15,1610612763,1610612762,1,0.6544959449061449
2023-02-15,1610612754,1610612741,1,0.46763033691605554
2023-02-15,1610612760,1610612745,1,0.7058493324839269
2023-02-15,1610612743,1610612742,1,0.6781886396589288
2023-02-15,1610612766,1610612759,1,0.5229068735894008
2023-02-15,1610612747,1610612740,1,0.5042415517325769
2023-02-16,1610612741,1610612749,0,0.3903969995587384
2023-02-16,1610612756,1610612746,0,0.5581279827736295
2023-02-16,1610612750,1610612764,0,0.6539667968162394
2023-02-23,1610612742,1610612759,1,0.7481487834290718
2023-02-23,1610612739,1610612743,0,0.6093706659168232
2023-02-23,1610612754,1610612738,0,0.2712551727647109
2023-02-23,1610612758,1610612757,1,0.7044736743312284
2023-02-23,1610612747,1610612744,1,0.6000680550236526
2023-02-23,1610612755,1610612763,1,0.589131591204577
2023-02-23,1610612762,1610612760,1,0.6168670437829424
2023-02-23,1610612761,1610612740,1,0.6349591575997088
2023-02-23,1610612753,1610612765,1,0.6867423549976985
2023-02-24,1610612750,1610612766,0,0.69993584850447
2023-02-24,1610612746,1610612758,0,0.6738783777337971
2023-02-24,1610612744,1610612745,1,0.7695742129367145
2023-02-24,1610612756,1610612760,1,0.6801305267855321
2023-02-24,1610612764,1610612752,0,0.49505332938440283
2023-02-24,1610612737,1610612739,1,0.45710541181047104
2023-02-24,1610612749,1610612748,1,0.642871911339669
2023-02-24,1610612741,1610612751,1,0.5302286458462204
2023-02-25,1610612766,1610612748,1,0.4239808286220424
2023-02-25,1610612765,1610612761,0,0.37210133052350713
2023-02-25,1610612753,1610612754,0,0.503208827928521
2023-02-25,1610612763,1610612743,1,0.493131509842974
2023-02-25,1610612762,1610612759,1,0.6699729479918101
2023-02-25,1610612755,1610612738,0,0.5839408426831625
2023-02-25,1610612752,1610612740,1,0.62556112146393
2023-02-26,1610612742,1610612747,0,0.660929123822844
2023-02-26,1610612760,1610612758,0,0.6272521369329579
2023-02-26,1610612743,1610612746,1,0.6624610306429224
2023-02-26,1610612757,1610612745,1,0.7010609115866865
2023-02-26,1610612744,1610612750,1,0.6271762026532094
2023-02-26,1610612749,1610612756,1,0.5885615494862967
2023-02-26,1610612739,1610612761,1,0.6949784592652322
2023-02-26,1610612737,1610612751,1,0.6230022634715927
2023-02-26,1610612741,1610612764,1,0.5846100012173644
2023-02-27,1610612752,1610612738,1,0.43572389298498504
2023-02-27,1610612740,1610612753,0,0.6191424937303404
2023-02-27,1610612766,1610612765,1,0.5379412327939292
2023-02-27,1610612755,1610612748,0,0.6942288670759649
2023-02-28,1610612742,1610612754,0,0.6721736886011799
2023-02-28,1610612745,1610612743,0,0.19361366317578083
2023-02-28,1610612751,1610612749,0,0.4269545840565928
2023-02-28,1610612746,1610612750,0,0.701217289556001
2023-02-28,1610612760,1610612758,0,0.5454851489702085
2023-02-28,1610612763,1610612747,1,0.665743485475873
2023-02-28,1610612737,1610612764,0,0.6313799934279175
2023-02-28,1610612762,1610612759,0,0.6564243140185612
2023-02-28,1610612761,1610612741,1,0.6010778860433881
2023-02-28,1610612744,1610612757,1,0.7021992736186163
2023-03-01,1610612760,1610612747,0,0.6588047854933609
2023-03-01,1610612745,1610612763,0,0.24051104078543903
2023-03-01,1610612757,1610612740,0,0.4617745712164704
2023-03-01,1610612765,1610612741,0,0.37181886022593347
2023-03-01,1610612766,1610612756,0,0.3434614461745726
2023-03-01,1610612738,1610612739,1,0.6070431630248652
2023-03-01,1610612752,1610612751,1,0.6307881149310279
2023-03-01,1610612748,1610612755,0,0.45686579713925035
2023-03-01,1610612749,1610612753,1,0.7557697425756174
2023-03-02,1610612744,1610612746,1,0.6300893071094162
2023-03-02,1610612764,1610612761,1,0.544960793402956
2023-03-02,1610612759,1610612754,1,0.39432808548405784
2023-03-02,1610612742,1610612755,1,0.4878437773543965
2023-03-03,1610612741,1610612756,0,0.510596244049086
2023-03-03,1610612766,1610612753,0,0.5252286278580925
2023-03-03,1610612737,1610612757,1,0.7022807155067565
2023-03-03,1610612748,1610612752,0,0.5039739764029095
2023-03-03,1610612760,1610612762,1,0.6667186976595263
2023-03-03,1610612738,1610612751,0,0.6524570702231194
2023-03-03,1610612758,1610612746,1,0.7416216460686365
2023-03-03,1610612744,1610612740,1,0.6534740889902833
2023-03-03,1610612743,1610612763,1,0.6076337856281183
2023-03-03,1610612747,1610612750,0,0.5511265239442389
2023-03-04,1610612764,1610612761,0,0.6035495365410174
2023-03-04,1610612739,1610612765,1,0.7669066747882686
2023-03-04,1610612748,1610612737,1,0.5863361550319464
2023-03-04,1610612749,1610612755,0,0.55868329235789
2023-03-04,1610612758,1610612750,0,0.6567368860099206
2023-03-04,1610612759,1610612745,0,0.46650793730400614
2023-03-05,1610612741,1610612754,0,0.6478327828771252
2023-03-05,1610612760,1610612762,1,0.6234802303644654
2023-03-05,1610612742,1610612756,0,0.45892156758418684
2023-03-05,1610612746,1610612763,1,0.49707144070232995
2023-03-05,1610612747,1610612744,1,0.4851894670760978
2023-03-05,1610612764,1610612749,0,0.5823407991600426
2023-03-05,1610612753,1610612757,0,0.5906312930466434
2023-03-05,1610612745,1610612759,1,0.589417625987455
2023-03-05,1610612751,1610612766,1,0.6703339014258973
2023-03-05,1610612738,1610612752,0,0.5275112039193764
2023-03-06,1610612765,1610612757,0,0.5216970522571571
2023-03-06,1610612748,1610612737,1,0.5676941183065589
2023-03-06,1610612754,1610612755,0,0.2931232051460229
2023-03-06,1610612758,1610612740,1,0.6256488583279659
2023-03-06,1610612739,1610612738,1,0.6508602678114119
2023-03-06,1610612743,1610612761,1,0.7155612750086237
2023-03-07,1610612760,1610612744,1,0.508116873883614
2023-03-07,1610612765,1610612764,0,0.3508499365467053
2023-03-07,1610612753,1610612749,0,0.34321535852924584
2023-03-07,1610612750,1610612755,0,0.5291880402530638
2023-03-07,1610612752,1610612766,0,0.7385808050040197
2023-03-07,1610612747,1610612763,1,0.4903333400095694
2023-03-07,1610612745,1610612751,0,0.3067696496583192
2023-03-07,1610612742,1610612762,1,0.6899350471107768
2023-03-08,1610612738,1610612757,1,0.7156647139180525
2023-03-08,1610612764,1610612737,0,0.5783113345578373
2023-03-08,1610612746,1610612761,1,0.6065287256937091
2023-03-08,1610612748,1610612739,0,0.41580818632792466
2023-03-08,1610612743,1610612741,0,0.712374083473661
2023-03-08,1610612740,1610612742,1,0.5238128849844464
2023-03-08,1610612756,1610612760,1,0.6972336639300405
2023-03-09,1610612749,1610612751,1,0.7262667582644752
2023-03-09,1610612758,1610612752,1,0.6193107982052588
2023-03-09,1610612765,1610612766,0,0.4386516079078742
2023-03-09,1610612754,1610612745,1,0.734284426899091
2023-03-09,1610612753,1610612762,0,0.535210872487487
2023-03-09,1610612763,1610612744,1,0.5651202949319053
2023-03-10,1610612750,1610612751,0,0.5876725431813142
2023-03-10,1610612755,1610612757,1,0.7594096927487027
2023-03-10,1610612764,1610612737,0,0.5613411140532757
2023-03-10,1610612759,1610612743,1,0.24264478428475278
2023-03-10,1610612747,1610612761,1,0.668742208443436
2023-03-10,1610612748,1610612739,1,0.4787112628776528
2023-03-11,1610612744,1610612749,1,0.44969849485198754
2023-03-11,1610612756,1610612758,0,0.7124728843246807
2023-03-11,1610612745,1610612741,0,0.400679641338478
2023-03-11,1610612763,1610612742,1,0.5555936977487845
2023-03-11,1610612737,1610612738,0,0.4870291110848868
2023-03-11,1610612753,1610612748,1,0.5043502048701999
2023-03-11,1610612766,1610612762,0,0.448454232127505
2023-03-11,1610612765,1610612754,0,0.401890316027426
2023-03-11,1610612746,1610612752,1,0.5262089266497841
2023-03-11,1610612740,1610612760,0,0.5549539280398892
2023-03-12,1610612740,1610612757,1,0.530826658218454
2023-03-12,1610612755,1610612764,1,0.6950109468827677
2023-03-12,1610612743,1610612751,0,0.5556659191604904
2023-03-12,1610612766,1610612739,0,0.3256970383736652
2023-03-12,1610612759,1610612760,0,0.38892800408177136
2023-03-12,1610612747,1610612752,0,0.5872132943418286
2023-03-13,1610612737,1610612750,0,0.6444245897096489
2023-03-13,1610612748,1610612762,1,0.5725341790876507
2023-03-13,1610612745,1610612738,1,0.20773537065254694
2023-03-13,1610612744,1610612756,1,0.5428278293848359
2023-03-13,1610612758,1610612749,0,0.49431297141596325
2023-03-13,1610612765,1610612754,1,0.3494591377535141
2023-03-13,1610612742,1610612763,0,0.5213242139282417
2023-03-14,1610612764,1610612765,1,0.7272721740819496
2023-03-14,1610612756,1610612749,0,0.5118886796164778
2023-03-14,1610612757,1610612752,0,0.39670043926004434
2023-03-14,1610612740,1610612747,0,0.48811132718914324
2023-03-14,1610612766,1610612739,0,0.33659754624434696
2023-03-14,1610612761,1610612743,1,0.44168436299515934
2023-03-14,1610612759,1610612753,1,0.3415641662147683
2023-03-14,1610612760,1610612751,1,0.433421072048867
2023-03-15,1610612746,1610612744,1,0.5654379887724202
2023-03-15,1610612759,1610612742,0,0.27120995127686653
2023-03-15,1610612745,1610612747,1,0.34491724308636956
2023-03-15,1610612750,1610612738,0,0.4043328704466039
2023-03-15,1610612748,1610612763,1,0.4839397219208833
2023-03-15,1610612741,1610612758,0,0.6413992672000463
2023-03-15,1610612739,1610612755,0,0.5195032059244328
2023-03-16,1610612751,1610612758,0,0.6209071303551218
2023-03-16,1610612749,1610612754,0,0.7538196244900855
2023-03-16,1610612756,1610612753,1,0.723927535783395
2023-03-16,1610612765,1610612743,0,0.25452851327967935
2023-03-16,1610612761,1610612760,1,0.5683610883648861
2023-03-17,1610612739,1610612764,1,0.7166514236847522
2023-03-17,1610612737,1610612744,1,0.559432102269155
2023-03-17,1610612766,1610612755,0,0.26844424547010054
2023-03-17,1610612745,1610612740,1,0.3968047066662246
2023-03-17,1610612759,1610612763,0,0.24880372829306488
2023-03-17,1610612741,1610612750,1,0.5587218470427873
2023-03-17,1610612757,1610612738,0,0.2867608503676115
2023-03-17,1610612747,1610612742,0,0.5331889606721669
2023-03-18,1610612752,1610612743,1,0.49892209638475377
2023-03-18,1610612746,1610612753,0,0.738187379992507
2023-03-18,1610612741,1610612748,1,0.48746953054002484
2023-03-18,1610612754,1610612755,0,0.35384212741887294
2023-03-18,1610612761,1610612750,1,0.593581455431208
2023-03-18,1610612764,1610612758,0,0.47526848044878905
2023-03-18,1610612763,1610612744,1,0.6571062599788035
2023-03-18,1610612762,1610612738,1,0.3580116151884307
2023-03-19,1610612747,1610612753,1,0.6648533005091202
2023-03-19,1610612745,1610612740,0,0.43145396252885115
2023-03-19,1610612765,1610612748,0,0.2886596876670318
2023-03-19,1610612757,1610612746,0,0.45647156106637143
2023-03-19,1610612759,1610612737,1,0.2833436133020417
2023-03-19,1610612760,1610612756,1,0.4100828128167775
2023-03-19,1610612751,1610612743,0,0.5649366071772142
2023-03-19,1610612749,1610612761,1,0.7274197748604134
2023-03-20,1610612745,1610612744,0,0.2733194847714767
2023-03-20,1610612766,1610612754,1,0.5094778302231638
2023-03-20,1610612755,1610612741,0,0.6580094907528422
2023-03-20,1610612762,1610612758,1,0.4815742968201296
2023-03-20,1610612752,1610612750,0,0.608982640941575
2023-03-20,1610612763,1610612742,1,0.5695044019352701
2023-03-21,1610612758,1610612738,0,0.49927749617408657
2023-03-21,1610612746,1610612760,0,0.5723824499241794
2023-03-21,1610612751,1610612739,0,0.4894737440073958
2023-03-21,1610612753,1610612764,1,0.5066760674491961
2023-03-21,1610612740,1610612759,1,0.6505527266771787
2023-03-21,1610612737,1610612765,1,0.77077472917946
2023-03-22,1610612762,1610612757,0,0.662998047968553
2023-03-22,1610612761,1610612754,0,0.7235180440312872
2023-03-22,1610612748,1610612752,1,0.5074696798835014
2023-03-22,1610612763,1610612745,1,0.7570944623713076
2023-03-22,1610612742,1610612744,0,0.5450810394638994
2023-03-22,1610612750,1610612737,1,0.7302668234475057
2023-03-22,1610612749,1610612759,1,0.8242290268204026
2023-03-22,1610612741,1610612755,0,0.4041928363275271
2023-03-22,1610612747,1610612756,1,0.5212634318570628
2023-03-22,1610612764,1610612743,0,0.3428676595412227
2023-03-23,1610612753,1610612752,1,0.5001212601360852
2023-03-23,1610612740,1610612766,1,0.6468930640560088
2023-03-23,1610612751,1610612739,0,0.464458336582725
2023-03-23,1610612746,1610612760,1,0.5822780942296665
2023-03-24,1610612762,1610612749,0,0.33940519900343913
2023-03-24,1610612763,1610612745,1,0.7640974529648682
2023-03-24,1610612742,1610612766,0,0.7708255409617673
2023-03-24,1610612764,1610612759,1,0.669227248805966
2023-03-24,1610612761,1610612765,1,0.7672092557481511
2023-03-24,1610612758,1610612756,1,0.627670962800971
2023-03-24,1610612747,1610612760,1,0.6482953164233654
2023-03-24,1610612744,1610612755,1,0.5670711365365959
2023-03-24,1610612757,1610612741,0,0.39835584362686544
2023-03-24,1610612738,1610612754,1,0.7573766499102423
2023-03-25,1610612756,1610612755,1,0.5469017854706304
2023-03-25,1610612758,1610612762,1,0.7315343547262205
2023-03-25,1610612746,1610612740,0,0.6670205287339671
2023-03-25,1610612748,1610612751,0,0.5369324897866568
2023-03-25,1610612743,1610612749,1,0.5838789088996769
2023-03-25,1610612737,1610612754,1,0.7520963082330281
2023-03-26,1610612737,1610612763,0,0.4999659981341279
2023-03-26,1610612753,1610612751,1,0.5012068684141646
2023-03-26,1610612739,1610612745,1,0.8033898838489862
2023-03-26,1610612761,1610612764,1,0.6266592149946206
2023-03-26,1610612747,1610612741,0,0.5459077810816865
2023-03-26,1610612766,1610612742,1,0.32469825579031236
2023-03-26,1610612757,1610612760,0,0.40474936838118547
2023-03-26,1610612744,1610612750,0,0.6882548463684193
2023-03-26,1610612738,1610612759,1,0.8168971658532074
2023-03-27,1610612762,1610612756,0,0.49440666166911457
2023-03-27,1610612743,1610612755,1,0.47740057240907546
2023-03-27,1610612757,1610612740,0,0.4671005032866374
2023-03-27,1610612752,1610612745,1,0.792167923124658
2023-03-27,1610612746,1610612741,1,0.5964268505034342
2023-03-27,1610612758,1610612750,0,0.7082082137282969
2023-03-27,1610612754,1610612742,0,0.5449789409658701
2023-03-27,1610612765,1610612749,0,0.19639792912191983
2023-03-28,1610612760,1610612766,0,0.6821436999047958
2023-03-28,1610612764,1610612738,1,0.3582647750515347
2023-03-28,1610612761,1610612748,1,0.5460727573268073
2023-03-28,1610612737,1610612739,1,0.498276362862536
2023-03-28,1610612744,1610612740,1,0.64711654475292
2023-03-28,1610612763,1610612753,1,0.6534853214639343
2023-03-29,1610612756,1610612750,1,0.5286489905717437
2023-03-29,1610612760,1610612765,1,0.7422201804300547
2023-03-29,1610612763,1610612746,0,0.5798020948429309
2023-03-29,1610612757,1610612758,0,0.29475521405955935
2023-03-29,1610612741,1610612747,0,0.5300369908588421
2023-03-29,1610612752,1610612748,1,0.6737822146734486
2023-03-29,1610612751,1610612745,1,0.7804809556909713
2023-03-29,1610612755,1610612742,1,0.670340783208836
2023-03-29,1610612759,1610612762,0,0.36233145097625075
2023-03-29,1610612754,1610612749,0,0.2839372748738108
2023-03-30,1610612749,1610612738,0,0.4396082159672157
2023-03-30,1610612743,1610612740,0,0.6876561864828412
2023-03-31,1610612766,1610612741,0,0.3900755578326494
2023-03-31,1610612755,1610612761,1,0.7173133109668114
2023-03-31,1610612754,1610612760,1,0.4130123761350767
2023-03-31,1610612738,1610612762,1,0.781361292643233
2023-03-31,1610612739,1610612752,0,0.5816118189884218
2023-03-31,1610612764,1610612753,0,0.46703123750457
2023-03-31,1610612751,1610612737,1,0.6136388391656147
2023-03-31,1610612750,1610612747,0,0.6059556298931469
2023-03-31,1610612745,1610612765,1,0.55831992226313
2023-03-31,1610612757,1610612758,0,0.2511387534123349
2023-03-31,1610612744,1610612759,1,0.8064648159214451
2023-03-31,1610612756,1610612743,1,0.5250639405627777
2023-03-31,1610612763,1610612746,1,0.46738530359514796
2023-04-01,1610612740,1610612746,1,0.6809122785489451
2023-04-01,1610612748,1610612742,1,0.5145118395684218
2023-04-02,1610612743,1610612744,1,0.6214614944703263
2023-04-02,1610612766,1610612761,0,0.31246026246041586
2023-04-02,1610612750,1610612757,0,0.7223148931495499
2023-04-02,1610612745,1610612747,0,0.3115003040493205
2023-04-02,1610612760,1610612756,0,0.41286389758925796
2023-04-02,1610612741,1610612763,1,0.5353790279577807
2023-04-02,1610612753,1610612765,1,0.7636826982652667
2023-04-02,1610612739,1610612754,1,0.7313282421149763
2023-04-02,1610612751,1610612762,1,0.6141223259380814
2023-04-02,1610612749,1610612755,1,0.5919147828366814
2023-04-02,1610612758,1610612759,0,0.7952314921496069
2023-04-02,1610612752,1610612764,1,0.675930568155569
2023-04-02,1610612737,1610612742,1,0.6991845109962295
2023-04-04,1610612744,1610612760,1,0.6270137030321097
2023-04-04,1610612753,1610612739,0,0.4665295554809385
2023-04-04,1610612765,1610612748,0,0.23763595024713433
2023-04-04,1610612766,1610612761,0,0.5290103597347788
2023-04-04,1610612755,1610612738,1,0.5057676031308894
2023-04-04,1610612740,1610612758,0,0.6842568806178111
2023-04-04,1610612745,1610612743,1,0.2659464660098982
2023-04-04,1610612741,1610612737,0,0.6462447137547921
2023-04-04,1610612764,1610612749,0,0.32107717112686673
2023-04-04,1610612756,1610612759,1,0.7988607106053663
2023-04-04,1610612762,1610612747,0,0.371164854052556
2023-04-04,1610612751,1610612750,0,0.5668778106427819
2023-04-04,1610612763,1610612757,1,0.7622068967387793
2023-04-05,1610612746,1610612747,1,0.5523703332712969
2023-04-05,1610612742,1610612758,1,0.5299603596262338
2023-04-05,1610612737,1610612764,1,0.7280322729274542
2023-04-05,1610612749,1610612741,1,0.7448618062283477
2023-04-05,1610612738,1610612761,1,0.7369536340258608
2023-04-05,1610612754,1610612752,0,0.3101836721661721
2023-04-05,1610612765,1610612751,0,0.2817803592402112
2023-04-05,1610612740,1610612763,1,0.6952369861601634
2023-04-06,1610612755,1610612748,0,0.658327925691336
2023-04-06,1610612762,1610612760,0,0.5887394539417207
2023-04-06,1610612759,1610612757,1,0.2989504222777317
2023-04-06,1610612756,1610612743,1,0.5307301533658897
2023-04-06,1610612753,1610612739,0,0.46114991584178644
2023-04-07,1610612738,1610612761,1,0.7234284635974189
2023-04-07,1610612747,1610612756,1,0.5282084897638891
2023-04-07,1610612758,1610612744,0,0.5970183417954824
2023-04-07,1610612742,1610612741,0,0.5300407586631373
2023-04-07,1610612740,1610612752,1,0.546891808680128
2023-04-07,1610612749,1610612763,0,0.6151389157480212
2023-04-07,1610612737,1610612755,0,0.653661543121572
2023-04-07,1610612751,1610612753,1,0.6980039930682626
2023-04-07,1610612754,1610612765,0,0.44590662424655103
2023-04-07,1610612764,1610612748,1,0.44547405772378657
2023-04-07,1610612766,1610612745,0,0.444168069621719
2023-04-08,1610612746,1610612757,1,0.7343889213113809
2023-04-08,1610612762,1610612743,1,0.36802752081174056
2023-04-08,1610612759,1610612750,0,0.20925115199958955
2023-04-09,1610612761,1610612749,1,0.5641057448677834
2023-04-09,1610612750,1610612740,1,0.4430408467478983
2023-04-09,1610612756,1610612746,0,0.6791342810980093
2023-04-09,1610612748,1610612753,1,0.6395225309775139
2023-04-09,1610612743,1610612758,1,0.6034963108120547
2023-04-09,1610612738,1610612737,1,0.7850704461910677
2023-04-09,1610612747,1610612762,1,0.6907569061893856
2023-04-09,1610612764,1610612745,0,0.700206181340725
2023-04-09,1610612757,1610612744,0,0.40985082600803724
2023-04-09,1610612760,1610612763,1,0.4369193087120752
2023-04-09,1610612742,1610612759,0,0.8105716595547847
2023-04-09,1610612752,1610612754,0,0.7371805565409805
2023-04-09,1610612751,1610612755,0,0.4784399977299412
2023-04-09,1610612741,1610612765,1,0.7864658869476742
2023-04-09,1610612739,1610612766,0,0.7954686047726991
