game_id,game_date,season_id,season_type,team_id_home,team_id_away,wl_home,pts_home,pts_away,home_win
401322870,2021-05-05,22021,Preseason,16,20,L,80,87,0
401323518,2021-05-08,22021,Preseason,3,18,L,76,89,0
401322871,2021-05-08,22021,Preseason,8,16,W,79,68,1
401323519,2021-05-08,22021,Preseason,6,17,L,85,85,0
401323520,2021-05-08,22021,Preseason,11,14,L,71,88,0
401323454,2021-05-09,22021,Preseason,5,19,W,82,65,1
401323455,2021-05-11,22021,Preseason,19,5,W,83,70,1
401320565,2021-05-14,22021,Regular Season,9,5,W,90,87,1
401320566,2021-05-14,22021,Regular Season,20,18,L,67,78,0
401320567,2021-05-14,22021,Regular Season,8,11,L,75,77,0
401320568,2021-05-14,22021,Regular Season,6,3,L,71,94,0
401320569,2021-05-15,22021,Regular Season,16,19,L,56,70,0
401320570,2021-05-15,22021,Regular Season,14,17,W,97,83,1
401320571,2021-05-16,22021,Regular Season,5,9,L,65,73,0
401320572,2021-05-16,22021,Regular Season,18,11,W,86,78,1
401320573,2021-05-18,22021,Regular Season,9,8,W,86,75,1
401320574,2021-05-18,22021,Regular Season,16,11,L,70,91,0
401320575,2021-05-18,22021,Regular Season,14,17,L,80,96,0
401320576,2021-05-19,22021,Regular Season,20,19,L,77,85,0
401320577,2021-05-19,22021,Regular Season,18,5,W,88,67,1
401320578,2021-05-20,22021,Regular Season,8,14,L,78,90,0
401320579,2021-05-21,22021,Regular Season,5,20,L,79,83,0
401320580,2021-05-21,22021,Regular Season,16,9,W,101,72,1
401320581,2021-05-21,22021,Regular Season,11,18,L,67,84,0
401320582,2021-05-21,22021,Regular Season,17,6,W,97,69,1
401320583,2021-05-22,22021,Regular Season,3,14,L,97,100,0
401320584,2021-05-23,22021,Regular Season,19,9,L,85,93,0
401320585,2021-05-23,22021,Regular Season,5,16,W,89,77,1
401320586,2021-05-23,22021,Regular Season,17,18,L,65,72,0
401320588,2021-05-24,22021,Regular Season,9,3,W,88,81,1
401320587,2021-05-25,22021,Regular Season,5,16,L,69,85,0
401320589,2021-05-25,22021,Regular Season,19,20,L,83,90,0
401320590,2021-05-25,22021,Regular Season,14,18,W,90,87,1
401320591,2021-05-26,22021,Regular Season,11,17,L,79,85,0
401320592,2021-05-27,22021,Regular Season,20,3,W,101,95,1
401320593,2021-05-28,22021,Regular Season,18,16,W,86,81,1
401320594,2021-05-28,22021,Regular Season,19,6,L,61,76,0
401320595,2021-05-28,22021,Regular Season,14,8,W,82,72,1
401320596,2021-05-28,22021,Regular Season,17,5,W,113,77,1
401320597,2021-05-29,22021,Regular Season,9,20,L,87,90,0
401320598,2021-05-29,22021,Regular Season,3,11,L,85,89,0
401320599,2021-05-30,22021,Regular Season,19,6,L,79,82,0
401320600,2021-05-30,22021,Regular Season,17,5,W,101,78,1
401320601,2021-05-30,22021,Regular Season,8,18,W,79,74,1
401320602,2021-06-01,22021,Regular Season,18,17,W,74,67,1
401320604,2021-06-01,22021,Regular Season,3,6,W,79,69,1
401320603,2021-06-01,22021,Regular Season,19,11,L,83,84,0
401320605,2021-06-01,22021,Regular Season,14,5,W,88,73,1
401320606,2021-06-03,22021,Regular Season,9,17,L,82,94,0
401320607,2021-06-03,22021,Regular Season,11,19,W,77,74,1
401320608,2021-06-03,22021,Regular Season,6,5,W,98,63,1
401320609,2021-06-04,22021,Regular Season,8,20,W,86,84,1
401320610,2021-06-04,22021,Regular Season,14,3,W,105,102,1
401320611,2021-06-05,22021,Regular Season,16,17,L,93,96,0
401320612,2021-06-05,22021,Regular Season,6,19,W,68,63,1
401320613,2021-06-05,22021,Regular Season,18,9,W,85,64,1
401320614,2021-06-06,22021,Regular Season,8,20,W,100,80,1
401320615,2021-06-06,22021,Regular Season,14,3,L,67,68,0
401320616,2021-06-08,22021,Regular Season,16,8,W,85,81,1
401320619,2021-06-08,22021,Regular Season,11,3,L,81,85,0
401320617,2021-06-09,22021,Regular Season,20,14,L,71,95,0
401320618,2021-06-09,22021,Regular Season,19,5,W,92,76,1
401320620,2021-06-10,22021,Regular Season,16,6,W,89,71,1
401320621,2021-06-11,22021,Regular Season,20,14,L,75,86,0
401320622,2021-06-11,22021,Regular Season,11,3,L,59,77,0
401320623,2021-06-12,22021,Regular Season,5,19,L,79,83,0
401320624,2021-06-12,22021,Regular Season,8,6,W,80,64,1
401320625,2021-06-13,22021,Regular Season,18,14,L,66,89,0
401320626,2021-06-13,22021,Regular Season,20,16,W,101,78,1
401320627,2021-06-13,22021,Regular Season,17,3,W,85,78,1
401320628,2021-06-13,22021,Regular Season,11,9,L,83,85,0
401320629,2021-06-15,22021,Regular Season,5,14,L,70,87,0
401320630,2021-06-15,22021,Regular Season,8,19,L,89,105,0
401320631,2021-06-15,22021,Regular Season,17,9,W,100,78,1
401320632,2021-06-16,22021,Regular Season,6,11,W,85,80,1
401320633,2021-06-17,22021,Regular Season,5,14,L,69,79,0
401320634,2021-06-17,22021,Regular Season,16,20,W,96,93,1
401320635,2021-06-17,22021,Regular Season,19,18,W,81,75,1
401320636,2021-06-17,22021,Regular Season,3,8,L,73,85,0
401320637,2021-06-17,22021,Regular Season,17,9,W,103,76,1
401320638,2021-06-18,22021,Regular Season,6,11,L,66,80,0
401320639,2021-06-19,22021,Regular Season,19,18,W,91,81,1
401320640,2021-06-19,22021,Regular Season,16,5,W,82,77,1
401320641,2021-06-19,22021,Regular Season,3,8,W,95,77,1
401320642,2021-06-20,22021,Regular Season,6,9,L,73,76,0
401320643,2021-06-22,22021,Regular Season,18,3,W,80,70,1
401320644,2021-06-22,22021,Regular Season,9,19,L,72,92,0
401320645,2021-06-22,22021,Regular Season,14,16,L,83,87,0
401320646,2021-06-23,22021,Regular Season,20,8,L,85,87,0
401320647,2021-06-24,22021,Regular Season,5,3,L,64,89,0
401320648,2021-06-24,22021,Regular Season,9,19,L,68,91,0
401320649,2021-06-24,22021,Regular Season,6,16,W,89,82,1
401320650,2021-06-25,22021,Regular Season,8,17,W,90,89,1
401320651,2021-06-26,22021,Regular Season,3,16,W,85,74,1
401320652,2021-06-26,22021,Regular Season,20,9,L,78,101,0
401320654,2021-06-27,22021,Regular Season,18,19,W,74,58,1
401320655,2021-06-27,22021,Regular Season,17,14,W,95,92,1
401320653,2021-06-27,22021,Regular Season,11,6,W,88,79,1
401320656,2021-06-29,22021,Regular Season,20,9,W,73,69,1
401320657,2021-06-29,22021,Regular Season,16,18,L,71,90,0
401320658,2021-06-30,22021,Regular Season,3,19,L,81,91,0
401320659,2021-06-30,22021,Regular Season,11,8,L,76,82,0
401320660,2021-06-30,22021,Regular Season,6,17,L,75,99,0
401320661,2021-07-01,22021,Regular Season,5,18,L,80,86,0
401320662,2021-07-02,22021,Regular Season,3,19,W,100,91,1
401320663,2021-07-02,22021,Regular Season,6,17,L,58,66,0
401320665,2021-07-02,22021,Regular Season,14,20,W,91,88,1
401320666,2021-07-03,22021,Regular Season,5,18,W,73,67,1
401320667,2021-07-03,22021,Regular Season,9,16,W,82,79,1
401320664,2021-07-03,22021,Regular Season,11,8,L,68,99,0
401320668,2021-07-04,22021,Regular Season,17,20,W,118,95,1
401320669,2021-07-04,22021,Regular Season,6,14,L,74,84,0
401320670,2021-07-05,22021,Regular Season,9,3,W,99,96,1
401320671,2021-07-07,22021,Regular Season,8,3,W,85,79,1
401320672,2021-07-07,22021,Regular Season,17,11,L,90,99,0
401320673,2021-07-07,22021,Regular Season,14,6,W,71,62,1
401320674,2021-07-09,22021,Regular Season,18,20,W,84,72,1
401320675,2021-07-09,22021,Regular Season,5,9,W,82,69,1
401320676,2021-07-09,22021,Regular Season,11,14,W,85,77,1
401320677,2021-07-09,22021,Regular Season,17,8,L,67,77,0
401320678,2021-07-10,22021,Regular Season,19,16,L,85,89,0
401320679,2021-07-11,22021,Regular Season,3,17,L,79,95,0
401320680,2021-07-11,22021,Regular Season,9,18,L,54,71,0
401320681,2021-07-11,22021,Regular Season,20,5,L,68,79,0
401320682,2021-07-11,22021,Regular Season,14,11,W,82,75,1
401320683,2021-07-11,22021,Regular Season,6,8,L,61,86,0
401353913,2021-08-12,22021,Regular Season,14,18,W,79,57,1
401320684,2021-08-15,22021,Regular Season,19,14,W,87,85,1
401320685,2021-08-15,22021,Regular Season,3,18,L,59,80,0
401320686,2021-08-15,22021,Regular Season,17,16,W,84,83,1
401320687,2021-08-15,22021,Regular Season,11,20,W,92,81,1
401320688,2021-08-15,22021,Regular Season,8,9,W,88,78,1
401320689,2021-08-15,22021,Regular Season,6,5,W,75,70,1
401320690,2021-08-17,22021,Regular Season,18,8,W,72,60,1
401320691,2021-08-17,22021,Regular Season,19,3,L,76,80,0
401320692,2021-08-17,22021,Regular Season,17,16,W,93,83,1
401320693,2021-08-17,22021,Regular Season,11,5,W,84,80,1
401320694,2021-08-17,22021,Regular Season,6,20,W,85,80,1
401320695,2021-08-18,22021,Regular Season,9,14,W,83,79,1
401320696,2021-08-19,22021,Regular Season,18,8,W,82,71,1
401320697,2021-08-19,22021,Regular Season,11,16,W,77,64,1
401320698,2021-08-19,22021,Regular Season,6,20,W,66,64,1
401320699,2021-08-20,22021,Regular Season,9,14,L,83,99,0
401320700,2021-08-20,22021,Regular Season,3,5,L,81,83,0
401320701,2021-08-21,22021,Regular Season,20,11,L,69,84,0
401320702,2021-08-21,22021,Regular Season,19,8,L,95,101,0
401320703,2021-08-22,22021,Regular Season,9,6,L,83,86,0
401320704,2021-08-22,22021,Regular Season,16,14,L,78,85,0
401320705,2021-08-24,22021,Regular Season,8,14,W,76,70,1
401320706,2021-08-24,22021,Regular Season,20,19,L,79,86,0
401320707,2021-08-24,22021,Regular Season,18,17,W,76,62,1
401320708,2021-08-24,22021,Regular Season,16,6,W,78,68,1
401320709,2021-08-25,22021,Regular Season,9,11,L,79,106,0
401320710,2021-08-26,22021,Regular Season,20,17,L,71,78,0
401320711,2021-08-26,22021,Regular Season,18,6,W,76,72,1
401320712,2021-08-26,22021,Regular Season,16,3,L,77,82,0
401320713,2021-08-27,22021,Regular Season,9,11,L,64,80,0
401320714,2021-08-27,22021,Regular Season,14,19,L,69,73,0
401320715,2021-08-28,22021,Regular Season,5,17,L,71,87,0
401320716,2021-08-28,22021,Regular Season,18,6,W,76,61,1
401320717,2021-08-28,22021,Regular Season,16,3,W,76,75,1
401320718,2021-08-29,22021,Regular Season,14,19,L,75,107,0
401320719,2021-08-31,22021,Regular Season,5,6,W,74,72,1
401320720,2021-08-31,22021,Regular Season,16,18,L,75,85,0
401320721,2021-08-31,22021,Regular Season,8,9,W,74,66,1
401320722,2021-08-31,22021,Regular Season,11,19,W,103,83,1
401320723,2021-09-02,22021,Regular Season,3,20,W,72,68,1
401320724,2021-09-02,22021,Regular Season,8,6,W,66,57,1
401320725,2021-09-02,22021,Regular Season,17,19,W,90,83,1
401320726,2021-09-02,22021,Regular Season,14,9,W,85,75,1
401320727,2021-09-04,22021,Regular Season,5,11,L,65,87,0
401320728,2021-09-04,22021,Regular Season,8,16,W,93,75,1
401320729,2021-09-05,22021,Regular Season,19,17,W,92,84,1
401320730,2021-09-05,22021,Regular Season,3,20,L,64,69,0
401320731,2021-09-06,22021,Regular Season,5,11,L,81,86,0
401320732,2021-09-07,22021,Regular Season,3,18,L,56,83,0
401320733,2021-09-07,22021,Regular Season,14,16,W,105,71,1
401320734,2021-09-08,22021,Regular Season,20,11,L,75,76,0
401320735,2021-09-08,22021,Regular Season,17,8,W,102,81,1
401320736,2021-09-09,22021,Regular Season,6,18,L,57,75,0
401320737,2021-09-10,22021,Regular Season,16,20,W,82,74,1
401320738,2021-09-10,22021,Regular Season,8,5,W,89,72,1
401320739,2021-09-11,22021,Regular Season,3,9,W,77,76,1
401320740,2021-09-11,22021,Regular Season,11,18,L,67,76,0
401320741,2021-09-12,22021,Regular Season,19,16,L,71,79,0
401320742,2021-09-12,22021,Regular Season,8,5,W,90,80,1
401320743,2021-09-12,22021,Regular Season,6,14,W,81,53,1
401320744,2021-09-13,22021,Regular Season,17,3,W,85,75,1
401320745,2021-09-14,22021,Regular Season,20,5,W,85,78,1
401320746,2021-09-15,22021,Regular Season,18,9,W,98,69,1
401320747,2021-09-16,22021,Regular Season,20,6,L,68,74,0
401320748,2021-09-17,22021,Regular Season,5,8,L,73,92,0
401320749,2021-09-17,22021,Regular Season,9,16,W,91,80,1
401320750,2021-09-17,22021,Regular Season,19,17,L,70,103,0
401320751,2021-09-17,22021,Regular Season,14,11,W,94,85,1
401320752,2021-09-19,22021,Regular Season,18,20,W,84,64,1
401320753,2021-09-19,22021,Regular Season,11,17,L,83,84,0
401320754,2021-09-19,22021,Regular Season,16,8,L,77,83,0
401320755,2021-09-19,22021,Regular Season,3,6,W,87,84,1
401320756,2021-09-19,22021,Regular Season,19,5,W,98,87,1
401370430,2021-09-23,22021,Playoffs,19,3,W,81,64,1
401370431,2021-09-23,22021,Playoffs,11,9,W,83,82,1
401370433,2021-09-26,22021,Playoffs,14,11,L,80,85,0
401370432,2021-09-26,22021,Playoffs,8,19,L,76,89,0
401370434,2021-09-28,22021,Playoffs,18,19,L,95,101,0
401370435,2021-09-28,22021,Playoffs,17,11,W,96,90,1
401370436,2021-09-30,22021,Playoffs,18,19,W,79,68,1
401370437,2021-09-30,22021,Playoffs,17,11,L,91,117,0
401370439,2021-10-03,22021,Playoffs,19,18,W,86,83,1
401370438,2021-10-03,22021,Playoffs,11,17,W,87,60,1
401370441,2021-10-06,22021,Playoffs,19,18,W,79,69,1
401370440,2021-10-06,22021,Playoffs,11,17,L,76,93,0
401370442,2021-10-08,22021,Playoffs,17,11,L,84,87,0
401370395,2021-10-10,22021,Playoffs,11,19,L,77,91,0
401370396,2021-10-13,22021,Playoffs,11,19,W,91,86,1
401370397,2021-10-15,22021,Playoffs,19,11,W,86,50,1
401370398,2021-10-17,22021,Playoffs,19,11,W,80,74,1
401430475,2022-04-23,22022,Preseason,14,6,W,81,68,1
401430476,2022-04-24,22022,Preseason,20,16,W,88,69,1
401430477,2022-04-25,22022,Preseason,19,3,L,77,92,0
401430478,2022-04-27,22022,Preseason,16,8,W,78,66,1
401430479,2022-04-28,22022,Preseason,11,14,L,78,82,0
401430481,2022-04-30,22022,Preseason,5,19,W,79,75,1
401430482,2022-05-01,22022,Preseason,18,20,W,94,78,1
401430483,2022-05-01,22022,Preseason,8,17,W,89,86,1
401430484,2022-05-02,22022,Preseason,3,5,W,101,89,1
401391650,2022-05-06,22022,Regular Season,16,5,W,84,70,1
401391651,2022-05-06,22022,Regular Season,19,6,L,91,98,0
401391652,2022-05-06,22022,Regular Season,11,17,L,88,106,0
401391653,2022-05-06,22022,Regular Season,14,8,W,97,74,1
401391654,2022-05-07,22022,Regular Season,9,18,W,81,79,1
401391655,2022-05-07,22022,Regular Season,3,20,L,59,66,0
401391656,2022-05-08,22022,Regular Season,5,6,L,77,87,0
401391658,2022-05-08,22022,Regular Season,8,16,L,66,78,0
401391657,2022-05-08,22022,Regular Season,17,14,W,85,74,1
401391659,2022-05-10,22022,Regular Season,16,17,W,89,76,1
401391660,2022-05-10,22022,Regular Season,5,8,W,82,76,1
401391661,2022-05-11,22022,Regular Season,20,6,W,77,75,1
401391662,2022-05-11,22022,Regular Season,19,9,W,83,50,1
401391663,2022-05-11,22022,Regular Season,11,14,W,97,77,1
401391664,2022-05-13,22022,Regular Season,16,3,L,86,94,0
401391665,2022-05-13,22022,Regular Season,20,17,L,73,96,0
401391666,2022-05-13,22022,Regular Season,9,5,L,86,92,0
401391667,2022-05-14,22022,Regular Season,14,11,L,64,69,0
401391668,2022-05-14,22022,Regular Season,18,6,W,77,60,1
401391669,2022-05-14,22022,Regular Season,8,19,L,78,82,0
401391670,2022-05-15,22022,Regular Season,9,3,L,71,81,0
401391671,2022-05-15,22022,Regular Season,5,20,L,79,85,0
401391672,2022-05-17,22022,Regular Season,9,18,L,65,92,0
401391673,2022-05-17,22022,Regular Season,5,20,L,79,101,0
401391674,2022-05-17,22022,Regular Season,3,16,L,68,84,0
401391675,2022-05-17,22022,Regular Season,17,11,W,86,74,1
401391676,2022-05-17,22022,Regular Season,6,8,L,84,87,0
401391677,2022-05-18,22022,Regular Season,14,19,W,74,71,1
401391678,2022-05-19,22022,Regular Season,17,8,W,93,87,1
401391679,2022-05-19,22022,Regular Season,11,3,L,84,94,0
401391680,2022-05-20,22022,Regular Season,18,5,W,94,85,1
401391681,2022-05-20,22022,Regular Season,20,16,L,73,78,0
401391682,2022-05-20,22022,Regular Season,14,6,W,83,80,1
401391683,2022-05-21,22022,Regular Season,17,11,W,100,80,1
401391684,2022-05-21,22022,Regular Season,3,8,W,94,78,1
401391685,2022-05-22,22022,Regular Season,5,18,L,70,92,0
401391686,2022-05-22,22022,Regular Season,16,19,L,73,82,0
401391687,2022-05-23,22022,Regular Season,17,6,W,104,76,1
401391688,2022-05-24,22022,Regular Season,18,3,L,77,85,0
401391689,2022-05-24,22022,Regular Season,16,20,W,70,50,1
401391690,2022-05-24,22022,Regular Season,19,5,W,95,90,1
401391691,2022-05-24,22022,Regular Season,8,9,W,84,78,1
401391692,2022-05-25,22022,Regular Season,6,11,W,99,94,1
401391693,2022-05-26,22022,Regular Season,18,3,W,99,68,1
401391694,2022-05-27,22022,Regular Season,5,6,W,101,96,1
401391695,2022-05-27,22022,Regular Season,14,9,W,79,71,1
401391696,2022-05-28,22022,Regular Season,19,17,L,76,83,0
401391697,2022-05-28,22022,Regular Season,18,16,W,79,71,1
401391698,2022-05-29,22022,Regular Season,20,11,W,81,54,1
401391699,2022-05-29,22022,Regular Season,14,9,W,92,61,1
401391700,2022-05-29,22022,Regular Season,8,6,L,83,85,0
401391701,2022-05-31,22022,Regular Season,5,16,L,75,87,0
401391702,2022-05-31,22022,Regular Season,19,11,W,73,70,1
401391703,2022-05-31,22022,Regular Season,17,18,W,89,81,1
401391704,2022-05-31,22022,Regular Season,6,3,W,93,91,1
401391705,2022-06-01,22022,Regular Season,20,8,W,84,76,1
401391706,2022-06-01,22022,Regular Season,9,5,W,87,74,1
401391707,2022-06-02,22022,Regular Season,17,18,L,90,97,0
401391708,2022-06-03,22022,Regular Season,16,9,L,70,74,0
401391709,2022-06-03,22022,Regular Season,20,19,L,65,73,0
401391710,2022-06-03,22022,Regular Season,11,18,L,88,92,0
401391711,2022-06-03,22022,Regular Season,14,3,L,51,68,0
401391712,2022-06-05,22022,Regular Season,9,8,L,77,84,0
401391713,2022-06-05,22022,Regular Season,20,5,W,75,66,1
401391714,2022-06-05,22022,Regular Season,19,16,W,91,82,1
401391715,2022-06-05,22022,Regular Season,17,3,W,84,78,1
401391716,2022-06-05,22022,Regular Season,11,6,W,81,74,1
401391717,2022-06-05,22022,Regular Season,14,18,L,86,93,0
401391718,2022-06-07,22022,Regular Season,9,8,W,88,69,1
401391719,2022-06-07,22022,Regular Season,14,20,W,72,60,1
401391720,2022-06-08,22022,Regular Season,18,5,W,88,69,1
401391721,2022-06-08,22022,Regular Season,16,19,W,84,82,1
401391722,2022-06-10,22022,Regular Season,18,19,L,79,83,0
401391723,2022-06-10,22022,Regular Season,5,9,L,83,97,0
401391724,2022-06-10,22022,Regular Season,3,14,L,88,89,0
401391725,2022-06-10,22022,Regular Season,8,16,L,59,76,0
401391726,2022-06-10,22022,Regular Season,11,20,W,90,88,1
401391727,2022-06-11,22022,Regular Season,6,17,L,72,89,0
401391728,2022-06-12,22022,Regular Season,9,19,L,86,88,0
401391729,2022-06-12,22022,Regular Season,3,14,L,79,84,0
401391730,2022-06-12,22022,Regular Season,16,11,L,90,99,0
401391731,2022-06-12,22022,Regular Season,8,5,L,80,84,0
401391732,2022-06-14,22022,Regular Season,16,11,W,83,65,1
401391733,2022-06-14,22022,Regular Season,8,14,L,79,81,0
401391734,2022-06-15,22022,Regular Season,3,17,L,84,92,0
401391735,2022-06-15,22022,Regular Season,18,20,W,105,92,1
401391736,2022-06-15,22022,Regular Season,5,11,L,80,93,0
401391737,2022-06-16,22022,Regular Season,9,16,W,77,65,1
401391738,2022-06-17,22022,Regular Season,18,14,W,82,71,1
401391739,2022-06-17,22022,Regular Season,3,11,W,93,88,1
401391740,2022-06-17,22022,Regular Season,19,20,W,106,100,1
401391741,2022-06-19,22022,Regular Season,9,14,L,72,81,0
401391743,2022-06-19,22022,Regular Season,16,18,W,71,63,1
401391742,2022-06-19,22022,Regular Season,5,19,W,89,87,1
401391744,2022-06-19,22022,Regular Season,3,6,W,92,82,1
401391745,2022-06-19,22022,Regular Season,17,8,W,96,95,1
401391746,2022-06-21,22022,Regular Season,20,3,W,80,75,1
401391747,2022-06-21,22022,Regular Season,17,19,L,95,104,0
401391748,2022-06-21,22022,Regular Season,11,8,L,71,84,0
401391749,2022-06-21,22022,Regular Season,6,16,W,84,82,1
401391750,2022-06-22,22022,Regular Season,18,9,L,77,81,0
401391751,2022-06-23,22022,Regular Season,3,5,W,94,68,1
401391752,2022-06-23,22022,Regular Season,8,11,W,100,88,1
401391753,2022-06-23,22022,Regular Season,14,16,W,85,71,1
401391754,2022-06-23,22022,Regular Season,6,19,L,59,82,0
401391755,2022-06-24,22022,Regular Season,20,9,L,77,89,0
401391756,2022-06-25,22022,Regular Season,3,11,L,72,83,0
401391757,2022-06-25,22022,Regular Season,14,6,L,77,85,0
401391758,2022-06-25,22022,Regular Season,17,16,L,86,87,0
401391759,2022-06-26,22022,Regular Season,20,18,L,61,72,0
401391760,2022-06-26,22022,Regular Season,19,8,W,88,85,1
401391761,2022-06-27,22022,Regular Season,11,5,W,83,71,1
401391762,2022-06-27,22022,Regular Season,6,17,L,73,79,0
401391763,2022-06-28,22022,Regular Season,16,20,W,92,74,1
401391764,2022-06-28,22022,Regular Season,8,3,W,92,64,1
401391765,2022-06-29,22022,Regular Season,19,18,W,91,83,1
401391766,2022-06-29,22022,Regular Season,11,5,W,99,78,1
401391767,2022-06-29,22022,Regular Season,14,17,W,88,78,1
401391768,2022-06-30,22022,Regular Season,9,20,L,81,92,0
401391769,2022-07-01,22022,Regular Season,3,6,L,89,97,0
401391770,2022-07-01,22022,Regular Season,8,17,L,85,91,0
401391771,2022-07-01,22022,Regular Season,14,5,W,73,57,1
401391772,2022-07-02,22022,Regular Season,19,11,W,91,75,1
401391773,2022-07-03,22022,Regular Season,18,16,W,74,72,1
401391774,2022-07-03,22022,Regular Season,20,14,W,90,76,1
401391776,2022-07-03,22022,Regular Season,6,9,W,84,74,1
401391775,2022-07-03,22022,Regular Season,8,17,W,102,71,1
401391777,2022-07-04,22022,Regular Season,6,11,W,78,75,1
401391778,2022-07-05,22022,Regular Season,5,14,L,73,95,0
401391779,2022-07-05,22022,Regular Season,3,18,W,82,71,1
401391780,2022-07-06,22022,Regular Season,8,19,W,81,78,1
401391781,2022-07-06,22022,Regular Season,20,16,L,66,85,0
401391782,2022-07-06,22022,Regular Season,17,9,L,107,116,0
401391783,2022-07-07,22022,Regular Season,5,19,L,84,93,0
401391784,2022-07-07,22022,Regular Season,11,9,W,84,81,1
401391785,2022-07-07,22022,Regular Season,6,14,L,69,106,0
401391786,2022-07-12,22022,Regular Season,14,3,W,83,74,1
401391787,2022-07-12,22022,Regular Season,9,17,L,101,107,0
401391788,2022-07-12,22022,Regular Season,19,20,W,90,75,1
401391789,2022-07-12,22022,Regular Season,8,11,W,118,107,1
401391790,2022-07-12,22022,Regular Season,6,16,L,81,94,0
401391791,2022-07-13,22022,Regular Season,5,18,L,81,89,0
401391792,2022-07-14,22022,Regular Season,9,17,L,74,108,0
401391793,2022-07-14,22022,Regular Season,8,3,L,87,92,0
401391794,2022-07-14,22022,Regular Season,11,16,W,80,75,1
401391795,2022-07-14,22022,Regular Season,6,19,L,68,80,0
401391796,2022-07-15,22022,Regular Season,5,8,L,77,87,0
401391797,2022-07-15,22022,Regular Season,20,18,L,68,93,0
401391798,2022-07-16,22022,Regular Season,3,19,L,81,89,0
401391799,2022-07-17,22022,Regular Season,18,17,L,83,91,0
401391800,2022-07-17,22022,Regular Season,16,8,W,70,57,1
401391801,2022-07-17,22022,Regular Season,11,20,L,75,85,0
401391802,2022-07-17,22022,Regular Season,14,5,W,81,65,1
401391803,2022-07-19,22022,Regular Season,18,9,W,82,63,1
401391804,2022-07-19,22022,Regular Season,17,20,L,76,92,0
401391805,2022-07-19,22022,Regular Season,6,5,W,86,79,1
401391806,2022-07-20,22022,Regular Season,19,14,W,78,74,1
401391807,2022-07-21,22022,Regular Season,16,9,W,78,69,1
401391808,2022-07-21,22022,Regular Season,6,20,W,85,78,1
401391809,2022-07-21,22022,Regular Season,17,5,W,90,77,1
401391810,2022-07-22,22022,Regular Season,8,18,L,84,94,0
401391811,2022-07-22,22022,Regular Season,19,3,W,89,83,1
401391812,2022-07-22,22022,Regular Season,11,14,W,94,78,1
401391813,2022-07-23,22022,Regular Season,9,19,W,83,80,1
401391814,2022-07-23,22022,Regular Season,17,6,W,84,66,1
401391815,2022-07-24,22022,Regular Season,5,3,L,86,96,0
401391816,2022-07-24,22022,Regular Season,14,20,W,82,72,1
401391817,2022-07-24,22022,Regular Season,8,18,L,79,86,0
401430112,2022-07-26,22022,Regular Season,19,17,L,83,93,0
401391818,2022-07-28,22022,Regular Season,20,8,L,85,92,0
401391819,2022-07-28,22022,Regular Season,18,14,W,88,83,1
401391820,2022-07-28,22022,Regular Season,3,16,L,77,87,0
401391821,2022-07-28,22022,Regular Season,11,6,W,90,80,1
401391822,2022-07-29,22022,Regular Season,5,17,L,72,93,0
401391823,2022-07-29,22022,Regular Season,19,9,W,89,81,1
401391824,2022-07-30,22022,Regular Season,16,14,L,77,82,0
401391825,2022-07-30,22022,Regular Season,20,3,L,68,81,0
401391826,2022-07-31,22022,Regular Season,18,19,L,92,95,0
401391827,2022-07-31,22022,Regular Season,9,11,W,89,69,1
401391828,2022-07-31,22022,Regular Season,5,17,L,69,94,0
401391829,2022-07-31,22022,Regular Season,16,14,W,78,75,1
401391830,2022-07-31,22022,Regular Season,6,8,L,77,84,0
401391831,2022-08-02,22022,Regular Season,18,11,W,87,63,1
401391832,2022-08-02,22022,Regular Season,9,6,W,102,73,1
401391833,2022-08-02,22022,Regular Season,16,17,W,83,73,1
401391834,2022-08-02,22022,Regular Season,19,3,L,78,84,0
401391835,2022-08-03,22022,Regular Season,20,5,W,91,81,1
401391836,2022-08-03,22022,Regular Season,9,6,W,64,61,1
401391837,2022-08-03,22022,Regular Season,14,8,W,89,77,1
401391838,2022-08-04,22022,Regular Season,18,11,W,77,64,1
401391839,2022-08-04,22022,Regular Season,3,17,W,82,80,1
401391840,2022-08-05,22022,Regular Season,20,6,W,88,86,1
401391841,2022-08-05,22022,Regular Season,19,16,W,93,83,1
401391842,2022-08-06,22022,Regular Season,3,5,W,95,91,1
401391843,2022-08-06,22022,Regular Season,11,9,W,76,62,1
401391844,2022-08-07,22022,Regular Season,19,18,W,94,91,1
401391845,2022-08-07,22022,Regular Season,16,6,L,76,79,0
401391846,2022-08-07,22022,Regular Season,14,17,L,81,89,0
401391847,2022-08-07,22022,Regular Season,8,20,W,81,71,1
401391848,2022-08-08,22022,Regular Season,3,9,W,86,77,1
401391849,2022-08-09,22022,Regular Season,19,14,L,100,111,0
401391850,2022-08-09,22022,Regular Season,17,20,W,97,90,1
401391851,2022-08-09,22022,Regular Season,6,18,L,71,97,0
401391852,2022-08-10,22022,Regular Season,3,9,L,73,91,0
401391853,2022-08-10,22022,Regular Season,11,8,L,77,86,0
401391854,2022-08-11,22022,Regular Season,17,19,W,89,78,1
401391855,2022-08-11,22022,Regular Season,6,18,L,69,93,0
401391856,2022-08-12,22022,Regular Season,5,16,L,70,82,0
401391857,2022-08-12,22022,Regular Season,20,9,L,70,80,0
401391858,2022-08-12,22022,Regular Season,8,14,L,69,96,0
401391859,2022-08-12,22022,Regular Season,11,3,W,86,74,1
401391860,2022-08-14,22022,Regular Season,18,8,W,90,83,1
401391861,2022-08-14,22022,Regular Season,9,20,W,87,83,1
401391862,2022-08-14,22022,Regular Season,16,5,W,95,83,1
401391864,2022-08-14,22022,Regular Season,17,14,W,109,100,1
401391863,2022-08-14,22022,Regular Season,11,19,L,67,82,0
401391865,2022-08-14,22022,Regular Season,6,3,L,88,116,0
401455627,2022-08-17,22022,Playoffs,19,9,L,91,98,0
401455628,2022-08-17,22022,Playoffs,17,11,W,79,63,1
401455629,2022-08-18,22022,Playoffs,18,3,W,93,68,1
401455650,2022-08-18,22022,Playoffs,14,16,W,86,83,1
401455651,2022-08-20,22022,Playoffs,19,9,W,100,62,1
401455652,2022-08-20,22022,Playoffs,17,11,W,117,80,1
401455653,2022-08-21,22022,Playoffs,18,3,L,79,89,0
401455654,2022-08-21,22022,Playoffs,14,16,W,97,84,1
401455657,2022-08-23,22022,Playoffs,9,19,L,72,90,0
401455659,2022-08-24,22022,Playoffs,3,18,L,58,73,0
401455660,2022-08-28,22022,Playoffs,17,14,L,73,76,0
401455661,2022-08-28,22022,Playoffs,19,18,L,63,68,0
401455671,2022-08-31,22022,Playoffs,19,18,W,85,77,1
401455674,2022-08-31,22022,Playoffs,17,14,W,78,73,1
401455675,2022-09-04,22022,Playoffs,18,19,L,72,76,0
401455676,2022-09-04,22022,Playoffs,14,17,L,98,110,0
401455677,2022-09-06,22022,Playoffs,18,19,W,104,80,1
401455678,2022-09-06,22022,Playoffs,14,17,L,92,97,0
401455679,2022-09-08,22022,Playoffs,19,18,L,63,72,0
401455681,2022-09-11,22022,Playoffs,17,18,W,67,64,1
401455682,2022-09-13,22022,Playoffs,17,18,W,85,71,1
401455683,2022-09-15,22022,Playoffs,18,17,W,105,76,1
401455684,2022-09-18,22022,Playoffs,18,17,L,71,78,0
401537457,2023-05-05,22023,Preseason,8,16,W,72,69,1
401537458,2023-05-05,22023,Preseason,3,19,W,75,70,1
401537459,2023-05-07,22023,Preseason,19,5,W,81,56,1
401535138,2023-05-08,22023,Preseason,14,11,L,71,77,0
401537460,2023-05-10,22023,Preseason,18,9,W,63,57,1
401537461,2023-05-10,22023,Preseason,16,20,W,88,76,1
401535139,2023-05-12,22023,Preseason,11,6,L,71,90,0
401537462,2023-05-13,22023,Preseason,5,3,W,90,83,1
401525954,2023-05-13,22023,Preseason,8,19,L,74,82,0
401545052,2023-05-13,22023,Preseason,17,9,W,84,77,1
401537464,2023-05-14,22023,Preseason,20,18,L,68,85,0
401507130,2023-05-19,22023,Regular Season,5,18,L,61,70,0
401507131,2023-05-19,22023,Regular Season,16,9,W,80,64,1
401507132,2023-05-19,22023,Regular Season,8,19,L,66,77,0
401507133,2023-05-19,22023,Regular Season,6,11,W,94,71,1
401507135,2023-05-20,22023,Regular Season,3,20,W,85,78,1
401507134,2023-05-20,22023,Regular Season,14,17,L,64,105,0
401507136,2023-05-21,22023,Regular Season,18,16,W,80,74,1
401507137,2023-05-21,22023,Regular Season,9,5,W,90,73,1
401507138,2023-05-21,22023,Regular Season,11,19,L,69,75,0
401507139,2023-05-23,22023,Regular Season,16,18,L,81,88,0
401507140,2023-05-23,22023,Regular Season,8,20,L,77,83,0
401507141,2023-05-25,22023,Regular Season,6,17,L,85,94,0
401507142,2023-05-25,22023,Regular Season,11,8,W,90,81,1
401507143,2023-05-26,22023,Regular Season,19,16,L,69,71,0
401507144,2023-05-26,22023,Regular Season,14,3,L,91,95,0
401507145,2023-05-27,22023,Regular Season,9,18,W,81,65,1
401507146,2023-05-27,22023,Regular Season,17,6,W,93,65,1
401507147,2023-05-28,22023,Regular Season,20,5,L,87,90,0
401507148,2023-05-28,22023,Regular Season,19,3,W,94,88,1
401507149,2023-05-28,22023,Regular Season,17,8,W,94,73,1
401507150,2023-05-30,22023,Regular Season,20,19,W,83,65,1
401507151,2023-05-30,22023,Regular Season,18,5,W,81,78,1
401507152,2023-05-30,22023,Regular Season,3,8,W,94,89,1
401507153,2023-05-30,22023,Regular Season,14,9,L,78,86,0
401507154,2023-06-01,22023,Regular Season,8,18,L,84,89,0
401507157,2023-06-02,22023,Regular Season,19,9,L,76,77,0
401507155,2023-06-02,22023,Regular Season,16,3,W,75,74,1
401507156,2023-06-02,22023,Regular Season,20,17,L,87,92,0
401507158,2023-06-02,22023,Regular Season,11,6,L,93,99,0
401507159,2023-06-03,22023,Regular Season,16,8,L,78,80,0
401507160,2023-06-03,22023,Regular Season,6,14,W,92,85,1
401507161,2023-06-04,22023,Regular Season,18,3,W,80,74,1
401507162,2023-06-04,22023,Regular Season,9,19,L,82,86,0
401507163,2023-06-04,22023,Regular Season,5,17,L,80,84,0
401507164,2023-06-06,22023,Regular Season,18,17,L,84,90,0
401507165,2023-06-06,22023,Regular Season,19,5,W,108,103,1
401507166,2023-06-06,22023,Regular Season,14,6,W,66,63,1
401507168,2023-06-07,22023,Regular Season,3,11,W,84,79,1
401507169,2023-06-08,22023,Regular Season,18,17,W,94,77,1
401507170,2023-06-09,22023,Regular Season,20,9,L,83,106,0
401507171,2023-06-09,22023,Regular Season,3,11,W,90,77,1
401507172,2023-06-09,22023,Regular Season,8,5,L,69,71,0
401507173,2023-06-09,22023,Regular Season,6,19,W,77,62,1
401507174,2023-06-09,22023,Regular Season,14,16,L,66,73,0
401507175,2023-06-11,22023,Regular Season,9,3,W,102,93,1
401507176,2023-06-11,22023,Regular Season,17,19,W,93,80,1
401507179,2023-06-11,22023,Regular Season,14,16,L,65,71,0
401507177,2023-06-11,22023,Regular Season,20,18,L,77,89,0
401507178,2023-06-11,22023,Regular Season,5,11,L,82,85,0
401507180,2023-06-11,22023,Regular Season,8,6,W,91,86,1
401507181,2023-06-13,22023,Regular Season,5,16,W,87,66,1
401507182,2023-06-13,22023,Regular Season,9,20,L,79,86,0
401507183,2023-06-13,22023,Regular Season,11,14,L,69,83,0
401507184,2023-06-14,22023,Regular Season,3,6,L,61,79,0
401507185,2023-06-15,22023,Regular Season,18,20,L,88,92,0
401507186,2023-06-15,22023,Regular Season,19,5,L,90,92,0
401507187,2023-06-15,22023,Regular Season,17,14,W,96,63,1
401507188,2023-06-16,22023,Regular Season,16,11,W,88,69,1
401507189,2023-06-16,22023,Regular Season,6,8,L,72,77,0
401507190,2023-06-17,22023,Regular Season,3,14,L,103,109,0
401507191,2023-06-18,22023,Regular Season,9,11,W,89,71,1
401507192,2023-06-18,22023,Regular Season,16,19,W,77,69,1
401507193,2023-06-18,22023,Regular Season,5,20,L,94,100,0
401507194,2023-06-18,22023,Regular Season,6,18,L,74,83,0
401507195,2023-06-18,22023,Regular Season,17,8,W,93,62,1
401507196,2023-06-20,22023,Regular Season,3,20,W,85,73,1
401507197,2023-06-20,22023,Regular Season,6,8,L,61,67,0
401507198,2023-06-20,22023,Regular Season,14,18,L,79,85,0
401507199,2023-06-21,22023,Regular Season,11,17,L,79,99,0
401507200,2023-06-22,22023,Regular Season,19,16,L,59,80,0
401507201,2023-06-22,22023,Regular Season,8,18,L,68,89,0
401507202,2023-06-22,22023,Regular Season,14,5,L,68,80,0
401507203,2023-06-23,22023,Regular Season,20,9,L,80,110,0
401507204,2023-06-23,22023,Regular Season,6,3,W,76,74,1
401507205,2023-06-24,22023,Regular Season,17,5,W,101,88,1
401507206,2023-06-24,22023,Regular Season,14,11,W,97,74,1
401507207,2023-06-25,22023,Regular Season,18,19,W,96,72,1
401507208,2023-06-25,22023,Regular Season,9,16,W,89,88,1
401507209,2023-06-25,22023,Regular Season,6,3,W,93,83,1
401507210,2023-06-26,22023,Regular Season,17,5,W,88,80,1
401507211,2023-06-27,22023,Regular Season,18,9,L,81,89,0
401507212,2023-06-27,22023,Regular Season,8,14,W,104,93,1
401507213,2023-06-27,22023,Regular Season,11,3,L,62,77,0
401507214,2023-06-28,22023,Regular Season,19,6,W,80,63,1
401507215,2023-06-28,22023,Regular Season,16,20,W,109,86,1
401507216,2023-06-29,22023,Regular Season,17,9,W,98,81,1
401507217,2023-06-29,22023,Regular Season,11,5,W,85,63,1
401507218,2023-06-29,22023,Regular Season,14,8,L,97,99,0
401507219,2023-06-30,22023,Regular Season,20,16,W,94,89,1
401507220,2023-06-30,22023,Regular Season,19,6,W,86,78,1
401507221,2023-07-01,22023,Regular Season,17,18,W,102,84,1
401507222,2023-07-01,22023,Regular Season,11,8,L,76,86,0
401507223,2023-07-02,22023,Regular Season,20,6,W,112,84,1
401507225,2023-07-02,22023,Regular Season,3,16,W,89,72,1
401507224,2023-07-02,22023,Regular Season,5,19,L,87,89,0
401507226,2023-07-02,22023,Regular Season,14,9,L,66,81,0
401507227,2023-07-05,22023,Regular Season,9,11,W,99,95,1
401507228,2023-07-05,22023,Regular Season,8,5,W,90,83,1
401507229,2023-07-05,22023,Regular Season,17,3,W,89,82,1
401507230,2023-07-05,22023,Regular Season,6,20,L,79,90,0
401507231,2023-07-06,22023,Regular Season,18,14,W,93,73,1
401507232,2023-07-07,22023,Regular Season,16,5,W,96,88,1
401507233,2023-07-07,22023,Regular Season,19,20,L,68,82,0
401507234,2023-07-07,22023,Regular Season,3,17,W,80,78,1
401507235,2023-07-07,22023,Regular Season,8,11,W,75,64,1
401507236,2023-07-08,22023,Regular Season,9,14,W,80,76,1
401507237,2023-07-09,22023,Regular Season,18,16,W,92,84,1
401507238,2023-07-09,22023,Regular Season,5,3,L,76,77,0
401507239,2023-07-09,22023,Regular Season,11,6,W,78,72,1
401507240,2023-07-09,22023,Regular Season,8,17,L,89,113,0
401507241,2023-07-09,22023,Regular Season,19,20,L,77,88,0
401507242,2023-07-11,22023,Regular Season,16,14,W,93,86,1
401507243,2023-07-11,22023,Regular Season,17,11,W,98,72,1
401507244,2023-07-12,22023,Regular Season,5,9,L,87,95,0
401507245,2023-07-12,22023,Regular Season,19,18,L,72,84,0
401507246,2023-07-12,22023,Regular Season,8,3,L,67,107,0
401507247,2023-07-12,22023,Regular Season,20,14,W,85,75,1
401507248,2023-07-12,22023,Regular Season,6,17,L,78,97,0
401507249,2023-07-18,22023,Regular Season,20,8,W,82,73,1
401507250,2023-07-18,22023,Regular Season,11,18,W,72,66,1
401507251,2023-07-19,22023,Regular Season,16,5,L,76,82,0
401507252,2023-07-19,22023,Regular Season,9,3,L,88,98,0
401507253,2023-07-20,22023,Regular Season,18,20,W,82,71,1
401507254,2023-07-20,22023,Regular Season,8,6,W,73,70,1
401507255,2023-07-20,22023,Regular Season,11,19,W,80,62,1
401507256,2023-07-20,22023,Regular Season,14,17,L,63,79,0
401507257,2023-07-21,22023,Regular Season,16,9,L,87,96,0
401507258,2023-07-22,22023,Regular Season,20,18,L,78,86,0
401507261,2023-07-22,22023,Regular Season,8,17,L,81,98,0
401507260,2023-07-22,22023,Regular Season,3,6,W,98,84,1
401507259,2023-07-22,22023,Regular Season,14,19,L,75,90,0
401507263,2023-07-23,22023,Regular Season,16,11,W,84,69,1
401507262,2023-07-23,22023,Regular Season,9,5,W,101,83,1
401507264,2023-07-25,22023,Regular Season,20,11,W,78,65,1
401507265,2023-07-25,22023,Regular Season,9,14,W,86,82,1
401507266,2023-07-25,22023,Regular Season,19,17,L,95,107,0
401507267,2023-07-25,22023,Regular Season,3,18,L,83,88,0
401507268,2023-07-25,22023,Regular Season,6,5,W,79,78,1
401507269,2023-07-26,22023,Regular Season,8,16,W,97,92,1
401507270,2023-07-27,22023,Regular Season,6,5,W,81,68,1
401507271,2023-07-27,22023,Regular Season,9,20,W,95,84,1
401507272,2023-07-28,22023,Regular Season,19,14,L,74,83,0
401507273,2023-07-28,22023,Regular Season,3,16,W,90,62,1
401558197,2023-07-28,22023,Regular Season,9,8,L,83,88,0
401507274,2023-07-30,22023,Regular Season,18,8,L,83,87,0
401507275,2023-07-30,22023,Regular Season,20,16,W,80,73,1
401507276,2023-07-30,22023,Regular Season,5,14,L,62,85,0
401507277,2023-07-30,22023,Regular Season,19,11,W,104,85,1
401507279,2023-07-30,22023,Regular Season,6,9,L,79,87,0
401507278,2023-07-30,22023,Regular Season,17,3,W,104,91,1
401507280,2023-08-01,22023,Regular Season,18,8,W,79,69,1
401507281,2023-08-01,22023,Regular Season,5,11,W,72,71,1
401507282,2023-08-01,22023,Regular Season,17,20,W,93,72,1
401507283,2023-08-01,22023,Regular Season,6,9,L,69,76,0
401507284,2023-08-02,22023,Regular Season,14,3,L,65,76,0
401507285,2023-08-03,22023,Regular Season,11,20,W,91,71,1
401507286,2023-08-04,22023,Regular Season,5,18,L,72,88,0
401507287,2023-08-04,22023,Regular Season,16,6,W,79,77,1
401507288,2023-08-04,22023,Regular Season,3,19,L,89,104,0
401507289,2023-08-04,22023,Regular Season,8,9,L,66,76,0
401507290,2023-08-05,22023,Regular Season,11,14,L,91,97,0
401507291,2023-08-06,22023,Regular Season,20,5,W,82,73,1
401507292,2023-08-06,22023,Regular Season,9,17,W,99,61,1
401507293,2023-08-06,22023,Regular Season,16,6,L,83,91,0
401507294,2023-08-06,22023,Regular Season,3,19,L,96,104,0
401507295,2023-08-08,22023,Regular Season,14,18,L,69,81,0
401507296,2023-08-08,22023,Regular Season,5,6,L,80,87,0
401507297,2023-08-08,22023,Regular Season,19,8,L,79,88,0
401507298,2023-08-08,22023,Regular Season,3,17,L,84,104,0
401507299,2023-08-08,22023,Regular Season,11,16,W,91,72,1
401507300,2023-08-10,22023,Regular Season,5,8,W,91,73,1
401507301,2023-08-10,22023,Regular Season,11,18,W,90,84,1
401507302,2023-08-10,22023,Regular Season,14,20,W,68,67,1
401507303,2023-08-11,22023,Regular Season,9,19,W,89,73,1
401507304,2023-08-11,22023,Regular Season,17,16,W,113,89,1
401507305,2023-08-12,22023,Regular Season,6,20,W,85,74,1
401507306,2023-08-12,22023,Regular Season,3,18,W,91,81,1
401507307,2023-08-13,22023,Regular Season,16,19,W,83,76,1
401507309,2023-08-13,22023,Regular Season,5,9,L,89,100,0
401507308,2023-08-13,22023,Regular Season,14,11,W,81,71,1
401507310,2023-08-13,22023,Regular Season,17,20,W,86,65,1
401507376,2023-08-15,22023,Regular Season,17,9,L,63,82,0
401507311,2023-08-17,22023,Regular Season,17,9,W,88,75,1
401507312,2023-08-18,22023,Regular Season,18,3,L,75,95,0
401507313,2023-08-18,22023,Regular Season,5,16,L,79,83,0
401507314,2023-08-18,22023,Regular Season,20,19,W,78,67,1
401507315,2023-08-18,22023,Regular Season,11,9,L,63,85,0
401507316,2023-08-18,22023,Regular Season,14,8,L,70,78,0
401507317,2023-08-19,22023,Regular Season,17,6,L,72,78,0
401507318,2023-08-20,22023,Regular Season,16,3,L,84,97,0
401507319,2023-08-20,22023,Regular Season,19,18,L,73,79,0
401507320,2023-08-20,22023,Regular Season,11,5,L,73,83,0
401507321,2023-08-20,22023,Regular Season,8,14,L,74,88,0
401507322,2023-08-22,22023,Regular Season,20,17,L,100,112,0
401507323,2023-08-22,22023,Regular Season,16,18,L,64,68,0
401507324,2023-08-22,22023,Regular Season,19,14,W,102,79,1
401507325,2023-08-22,22023,Regular Season,8,3,W,91,86,1
401507326,2023-08-23,22023,Regular Season,6,11,W,91,62,1
401507327,2023-08-24,22023,Regular Season,18,9,L,90,95,0
401507328,2023-08-24,22023,Regular Season,5,14,W,90,86,1
401507329,2023-08-24,22023,Regular Season,19,17,L,87,94,0
401507330,2023-08-24,22023,Regular Season,3,8,L,81,90,0
401507331,2023-08-25,22023,Regular Season,20,6,L,78,83,0
401507332,2023-08-26,22023,Regular Season,16,17,W,78,62,1
401507333,2023-08-26,22023,Regular Season,8,9,L,76,111,0
401507334,2023-08-27,22023,Regular Season,18,6,W,83,68,1
401507335,2023-08-27,22023,Regular Season,5,20,W,83,80,1
401507336,2023-08-27,22023,Regular Season,11,3,L,74,77,0
401507337,2023-08-27,22023,Regular Season,14,19,L,85,90,0
401507338,2023-08-28,22023,Regular Season,9,17,W,94,85,1
401507339,2023-08-29,22023,Regular Season,20,11,W,94,76,1
401507340,2023-08-29,22023,Regular Season,16,8,W,83,72,1
401507341,2023-08-29,22023,Regular Season,6,19,L,75,76,0
401507342,2023-08-31,22023,Regular Season,18,11,W,84,74,1
401507343,2023-08-31,22023,Regular Season,17,16,W,84,75,1
401507344,2023-08-31,22023,Regular Season,6,14,L,61,72,0
401507345,2023-09-01,22023,Regular Season,5,3,L,100,110,0
401507346,2023-09-01,22023,Regular Season,9,18,W,89,58,1
401507347,2023-09-01,22023,Regular Season,8,20,W,91,85,1
401507348,2023-09-02,22023,Regular Season,17,14,W,103,77,1
401507349,2023-09-03,22023,Regular Season,19,9,L,69,86,0
401507350,2023-09-03,22023,Regular Season,3,5,L,84,97,0
401507351,2023-09-03,22023,Regular Season,8,11,W,86,73,1
401507352,2023-09-03,22023,Regular Season,6,16,W,72,64,1
401507353,2023-09-05,22023,Regular Season,18,6,W,90,76,1
401507354,2023-09-05,22023,Regular Season,5,19,L,69,96,0
401507355,2023-09-05,22023,Regular Season,3,9,L,93,94,0
401507356,2023-09-05,22023,Regular Season,11,16,L,77,100,0
401507357,2023-09-06,22023,Regular Season,20,14,W,79,68,1
401507358,2023-09-07,22023,Regular Season,9,6,W,96,89,1
401507359,2023-09-08,22023,Regular Season,18,5,W,76,59,1
401507360,2023-09-08,22023,Regular Season,16,20,L,75,80,0
401507361,2023-09-08,22023,Regular Season,19,8,W,92,87,1
401507362,2023-09-08,22023,Regular Season,3,14,W,106,91,1
401507363,2023-09-08,22023,Regular Season,11,17,L,73,94,0
401507364,2023-09-10,22023,Regular Season,20,3,L,77,94,0
401507365,2023-09-10,22023,Regular Season,18,19,L,91,102,0
401507366,2023-09-10,22023,Regular Season,5,8,W,87,72,1
401507367,2023-09-10,22023,Regular Season,9,16,L,88,90,0
401507368,2023-09-10,22023,Regular Season,17,11,W,100,85,1
401507369,2023-09-10,22023,Regular Season,14,6,L,89,91,0
401578549,2023-09-13,22023,Playoffs,18,8,W,90,60,1
401578550,2023-09-13,22023,Playoffs,17,19,W,87,59,1
401578551,2023-09-15,22023,Playoffs,9,16,W,90,75,1
401578552,2023-09-15,22023,Playoffs,3,20,W,94,82,1
401578553,2023-09-17,22023,Playoffs,18,8,L,75,82,0
401578554,2023-09-17,22023,Playoffs,17,19,W,92,70,1
401578555,2023-09-19,22023,Playoffs,9,16,W,90,85,1
401578556,2023-09-19,22023,Playoffs,3,20,W,101,74,1
401578557,2023-09-20,22023,Playoffs,8,18,L,75,90,0
401578561,2023-09-24,22023,Playoffs,9,18,L,63,78,0
401578562,2023-09-24,22023,Playoffs,17,3,W,97,83,1
401578563,2023-09-26,22023,Playoffs,9,18,W,84,77,1
401578564,2023-09-26,22023,Playoffs,17,3,W,91,84,1
401578565,2023-09-29,22023,Playoffs,18,9,L,81,92,0
401578566,2023-09-29,22023,Playoffs,3,17,L,61,64,0
401578567,2023-10-01,22023,Playoffs,18,9,L,84,87,0
401578571,2023-10-08,22023,Playoffs,17,9,W,99,82,1
401578572,2023-10-11,22023,Playoffs,17,9,W,104,76,1
401578573,2023-10-15,22023,Playoffs,9,17,W,87,73,1
401578574,2023-10-18,22023,Playoffs,9,17,L,69,70,0
401649378,2024-05-03,22024,Preseason,8,19,W,92,81,1
401653060,2024-05-03,22024,Preseason,3,5,W,79,76,1
401653631,2024-05-04,22024,Preseason,20,16,W,87,84,1
401647556,2024-05-04,22024,Preseason,14,6,L,79,84,0
401649379,2024-05-07,22024,Preseason,19,9,W,101,53,1
401649380,2024-05-07,22024,Preseason,14,11,W,85,59,1
401653632,2024-05-08,22024,Preseason,16,8,L,77,83,0
401649560,2024-05-09,22024,Preseason,18,9,L,79,82,0
401653633,2024-05-09,22024,Preseason,5,20,W,83,80,1
401653634,2024-05-10,22024,Preseason,11,6,L,85,98,0
401620178,2024-05-14,22024,Regular Season,16,9,L,80,85,0
401620219,2024-05-14,22024,Regular Season,18,5,W,92,71,1
401620220,2024-05-14,22024,Regular Season,17,11,W,89,80,1
401620221,2024-05-14,22024,Regular Season,14,8,L,70,83,0
401620222,2024-05-15,22024,Regular Season,3,19,W,87,79,1
401620223,2024-05-15,22024,Regular Season,6,20,L,81,92,0
401620224,2024-05-16,22024,Regular Season,5,9,L,66,102,0
401620225,2024-05-17,22024,Regular Season,18,16,W,84,77,1
401620226,2024-05-17,22024,Regular Season,8,14,W,102,93,1
401620227,2024-05-18,22024,Regular Season,9,5,W,91,80,1
401620228,2024-05-18,22024,Regular Season,17,6,W,89,82,1
401620229,2024-05-18,22024,Regular Season,3,19,L,74,83,0
401620230,2024-05-18,22024,Regular Season,11,20,W,88,85,1
401620231,2024-05-19,22024,Regular Season,16,14,L,75,84,0
401620232,2024-05-20,22024,Regular Season,5,18,L,84,88,0
401620233,2024-05-20,22024,Regular Season,9,14,W,74,63,1
401620234,2024-05-21,22024,Regular Season,20,3,W,83,78,1
401620235,2024-05-21,22024,Regular Season,17,11,L,88,98,0
401620236,2024-05-21,22024,Regular Season,6,16,W,70,68,1
401620237,2024-05-22,22024,Regular Season,14,5,W,85,83,1
401620238,2024-05-23,22024,Regular Season,18,8,W,83,82,1
401620239,2024-05-23,22024,Regular Season,9,19,L,81,90,0
401620240,2024-05-23,22024,Regular Season,11,16,W,83,80,1
401620241,2024-05-24,22024,Regular Season,6,5,L,73,78,0
401620242,2024-05-25,22024,Regular Season,8,9,W,84,67,1
401620243,2024-05-25,22024,Regular Season,19,18,L,82,86,0
401620244,2024-05-25,22024,Regular Season,17,5,W,99,80,1
401620245,2024-05-25,22024,Regular Season,14,16,W,101,69,1
401620246,2024-05-25,22024,Regular Season,11,3,L,92,107,0
401620247,2024-05-26,22024,Regular Season,20,8,L,79,92,0
401620248,2024-05-26,22024,Regular Season,6,3,L,83,84,0
401620249,2024-05-28,22024,Regular Season,18,11,W,70,47,1
401620250,2024-05-28,22024,Regular Season,5,6,L,82,88,0
401620251,2024-05-28,22024,Regular Season,19,14,L,68,77,0
401620252,2024-05-29,22024,Regular Season,9,11,W,81,78,1
401620253,2024-05-29,22024,Regular Season,16,20,L,67,73,0
401620254,2024-05-29,22024,Regular Season,8,17,L,66,80,0
401620255,2024-05-30,22024,Regular Season,5,14,L,88,103,0
401620256,2024-05-30,22024,Regular Season,19,6,W,83,73,1
401620257,2024-05-31,22024,Regular Season,20,17,W,78,74,1
401620258,2024-05-31,22024,Regular Season,18,3,W,74,72,1
401620259,2024-05-31,22024,Regular Season,9,16,W,90,79,1
401620260,2024-05-31,22024,Regular Season,8,11,W,95,71,1
401620261,2024-06-01,22024,Regular Season,5,19,W,71,70,1
401620262,2024-06-02,22024,Regular Season,20,18,L,50,69,0
401620265,2024-06-02,22024,Regular Season,11,6,W,87,68,1
401620263,2024-06-02,22024,Regular Season,9,5,W,104,68,1
401620264,2024-06-02,22024,Regular Season,8,3,W,87,76,1
401620266,2024-06-04,22024,Regular Season,18,16,W,76,59,1
401620267,2024-06-04,22024,Regular Season,19,9,L,75,88,0
401620268,2024-06-04,22024,Regular Season,14,11,W,80,62,1
401620269,2024-06-05,22024,Regular Season,3,17,L,81,95,0
401620270,2024-06-05,22024,Regular Season,6,8,L,62,86,0
401620271,2024-06-06,22024,Regular Season,16,19,L,71,79,0
401620272,2024-06-06,22024,Regular Season,20,9,L,61,78,0
401620273,2024-06-07,22024,Regular Season,16,5,L,83,85,0
401620274,2024-06-07,22024,Regular Season,17,14,L,65,78,0
401620275,2024-06-07,22024,Regular Season,6,3,W,81,72,1
401620276,2024-06-07,22024,Regular Season,11,8,W,81,80,1
401620277,2024-06-08,22024,Regular Season,18,9,L,75,82,0
401620278,2024-06-08,22024,Regular Season,19,20,L,80,89,0
401620279,2024-06-09,22024,Regular Season,9,16,W,93,88,1
401620280,2024-06-09,22024,Regular Season,3,11,L,90,97,0
401620281,2024-06-09,22024,Regular Season,8,14,W,83,64,1
401620282,2024-06-09,22024,Regular Season,6,17,W,96,92,1
401620283,2024-06-10,22024,Regular Season,18,5,W,89,72,1
401620284,2024-06-11,22024,Regular Season,20,16,L,68,87,0
401620285,2024-06-11,22024,Regular Season,17,8,L,86,100,0
401620286,2024-06-11,22024,Regular Season,14,6,W,95,79,1
401620287,2024-06-12,22024,Regular Season,19,18,L,75,83,0
401620288,2024-06-13,22024,Regular Season,5,20,W,91,84,1
401620289,2024-06-13,22024,Regular Season,3,14,L,84,92,0
401620290,2024-06-13,22024,Regular Season,11,17,L,99,103,0
401620291,2024-06-14,22024,Regular Season,16,19,W,83,81,1
401620292,2024-06-14,22024,Regular Season,8,6,W,81,76,1
401620293,2024-06-15,22024,Regular Season,3,18,L,67,85,0
401620294,2024-06-15,22024,Regular Season,17,9,L,82,90,0
401620296,2024-06-16,22024,Regular Season,5,19,W,91,83,1
401620295,2024-06-16,22024,Regular Season,11,14,W,87,78,1
401620297,2024-06-16,22024,Regular Season,20,6,W,87,74,1
401620298,2024-06-17,22024,Regular Season,8,3,W,90,78,1
401620299,2024-06-18,22024,Regular Season,18,6,W,79,70,1
401620300,2024-06-18,22024,Regular Season,11,9,W,99,93,1
401620301,2024-06-19,22024,Regular Season,5,16,W,88,81,1
401620302,2024-06-19,22024,Regular Season,8,20,W,68,55,1
401620303,2024-06-19,22024,Regular Season,17,14,W,94,83,1
401620304,2024-06-20,22024,Regular Season,19,3,W,83,72,1
401620305,2024-06-20,22024,Regular Season,9,6,W,93,80,1
401620306,2024-06-21,22024,Regular Season,20,5,L,79,91,0
401620307,2024-06-21,22024,Regular Season,17,18,W,85,74,1
401620308,2024-06-22,22024,Regular Season,16,3,W,97,69,1
401620309,2024-06-22,22024,Regular Season,9,6,W,98,88,1
401620310,2024-06-22,22024,Regular Season,8,11,W,73,60,1
401620311,2024-06-23,22024,Regular Season,20,9,L,75,96,0
401620312,2024-06-23,22024,Regular Season,16,3,W,92,84,1
401620314,2024-06-23,22024,Regular Season,14,18,W,72,61,1
401620313,2024-06-23,22024,Regular Season,19,5,W,88,87,1
401677672,2024-06-25,22024,Regular Season,9,8,L,89,94,0
401620315,2024-06-27,22024,Regular Season,3,8,W,94,88,1
401620316,2024-06-27,22024,Regular Season,16,18,L,91,94,0
401620317,2024-06-27,22024,Regular Season,19,17,L,83,95,0
401620318,2024-06-27,22024,Regular Season,14,5,W,89,77,1
401620319,2024-06-28,22024,Regular Season,18,20,L,74,78,0
401620320,2024-06-28,22024,Regular Season,11,6,W,92,78,1
401620321,2024-06-29,22024,Regular Season,16,17,L,77,88,0
401620322,2024-06-29,22024,Regular Season,14,3,W,97,76,1
401620323,2024-06-30,22024,Regular Season,9,20,W,81,75,1
401620324,2024-06-30,22024,Regular Season,19,8,L,62,70,0
401620325,2024-06-30,22024,Regular Season,11,5,L,82,88,0
401620326,2024-07-01,22024,Regular Season,11,18,L,72,83,0
401620327,2024-07-01,22024,Regular Season,14,3,W,95,71,1
401620328,2024-07-02,22024,Regular Season,9,8,W,76,67,1
401620329,2024-07-02,22024,Regular Season,20,19,L,77,85,0
401620330,2024-07-02,22024,Regular Season,17,5,W,88,69,1
401620331,2024-07-02,22024,Regular Season,6,16,L,80,82,0
401620332,2024-07-03,22024,Regular Season,3,11,L,96,104,0
401620333,2024-07-04,22024,Regular Season,8,18,L,73,78,0
401620334,2024-07-04,22024,Regular Season,17,16,W,98,77,1
401620335,2024-07-05,22024,Regular Season,3,20,W,85,82,1
401620336,2024-07-05,22024,Regular Season,6,17,W,98,93,1
401620337,2024-07-05,22024,Regular Season,14,19,L,84,88,0
401620338,2024-07-06,22024,Regular Season,5,9,W,83,78,1
401620339,2024-07-06,22024,Regular Season,8,16,W,74,67,1
401620340,2024-07-07,22024,Regular Season,18,20,W,80,67,1
401620341,2024-07-07,22024,Regular Season,17,3,W,104,85,1
401620342,2024-07-07,22024,Regular Season,14,19,W,84,71,1
401620343,2024-07-07,22024,Regular Season,6,11,L,78,84,0
401620344,2024-07-09,22024,Regular Season,6,8,L,67,82,0
401620345,2024-07-10,22024,Regular Season,18,9,L,68,71,0
401620346,2024-07-10,22024,Regular Season,5,16,L,84,89,0
401620347,2024-07-10,22024,Regular Season,19,20,W,78,69,1
401620348,2024-07-10,22024,Regular Season,14,17,L,79,84,0
401620349,2024-07-10,22024,Regular Season,11,3,W,100,84,1
401620350,2024-07-11,22024,Regular Season,9,19,W,91,76,1
401620351,2024-07-12,22024,Regular Season,20,17,L,70,84,0
401620352,2024-07-12,22024,Regular Season,5,11,W,95,86,1
401620353,2024-07-12,22024,Regular Season,14,8,W,91,63,1
401620354,2024-07-13,22024,Regular Season,19,9,L,67,81,0
401620355,2024-07-13,22024,Regular Season,3,6,L,81,87,0
401620356,2024-07-14,22024,Regular Season,18,11,W,96,69,1
401620357,2024-07-14,22024,Regular Season,16,17,L,77,89,0
401620359,2024-07-14,22024,Regular Season,8,5,L,74,81,0
401620358,2024-07-14,22024,Regular Season,14,20,W,81,70,1
401620360,2024-07-16,22024,Regular Season,16,11,L,87,96,0
401620361,2024-07-16,22024,Regular Season,6,14,L,83,89,0
401620362,2024-07-16,22024,Regular Season,9,18,W,82,74,1
401620363,2024-07-16,22024,Regular Season,17,19,L,85,93,0
401620364,2024-07-17,22024,Regular Season,8,20,W,86,79,1
401620365,2024-07-17,22024,Regular Season,3,5,W,101,93,1
401620366,2024-08-15,22024,Regular Season,19,11,L,65,85,0
401620367,2024-08-15,22024,Regular Season,8,16,W,79,68,1
401620368,2024-08-15,22024,Regular Season,6,9,L,68,103,0
401620369,2024-08-16,22024,Regular Season,20,14,W,83,81,1
401620370,2024-08-16,22024,Regular Season,5,11,W,98,89,1
401620371,2024-08-16,22024,Regular Season,3,18,L,91,109,0
401620372,2024-08-17,22024,Regular Season,16,8,L,83,99,0
401620373,2024-08-17,22024,Regular Season,17,9,L,67,79,0
401620374,2024-08-17,22024,Regular Season,6,19,L,86,90,0
401620375,2024-08-18,22024,Regular Season,20,18,W,82,70,1
401620377,2024-08-18,22024,Regular Season,5,14,W,92,75,1
401620376,2024-08-18,22024,Regular Season,17,6,W,87,71,1
401620378,2024-08-18,22024,Regular Season,11,19,W,86,68,1
401620379,2024-08-20,22024,Regular Season,18,6,W,69,61,1
401620380,2024-08-20,22024,Regular Season,9,3,W,94,74,1
401620381,2024-08-20,22024,Regular Season,16,14,L,77,83,0
401620382,2024-08-21,22024,Regular Season,20,11,W,72,63,1
401620383,2024-08-21,22024,Regular Season,17,8,L,87,98,0
401620384,2024-08-22,22024,Regular Season,9,3,W,79,71,1
401620385,2024-08-23,22024,Regular Season,20,11,L,80,82,0
401620386,2024-08-23,22024,Regular Season,18,19,W,82,80,1
401620387,2024-08-23,22024,Regular Season,16,6,W,80,74,1
401620388,2024-08-23,22024,Regular Season,8,17,W,87,74,1
401620389,2024-08-24,22024,Regular Season,9,18,L,64,72,0
401620390,2024-08-24,22024,Regular Season,8,5,W,90,80,1
401620391,2024-08-25,22024,Regular Season,19,17,L,75,77,0
401620392,2024-08-25,22024,Regular Season,3,6,W,113,110,1
401620393,2024-08-26,22024,Regular Season,20,5,L,79,84,0
401620394,2024-08-26,22024,Regular Season,11,9,L,70,84,0
401620395,2024-08-26,22024,Regular Season,14,16,L,72,74,0
401620396,2024-08-27,22024,Regular Season,3,17,W,93,90,1
401620397,2024-08-28,22024,Regular Season,5,18,W,84,80,1
401620398,2024-08-28,22024,Regular Season,19,16,L,70,74,0
401620399,2024-08-28,22024,Regular Season,6,9,W,94,88,1
401620400,2024-08-28,22024,Regular Season,11,8,L,76,89,0
401620401,2024-08-28,22024,Regular Season,14,20,W,85,81,1
401620402,2024-08-30,22024,Regular Season,19,5,L,81,100,0
401620403,2024-08-30,22024,Regular Season,3,8,W,94,76,1
401620404,2024-08-30,22024,Regular Season,17,20,W,83,72,1
401620405,2024-08-30,22024,Regular Season,14,9,L,85,98,0
401620406,2024-08-31,22024,Regular Season,16,18,L,85,96,0
401620407,2024-09-01,22024,Regular Season,18,14,W,93,86,1
401620408,2024-09-01,22024,Regular Season,8,19,W,79,74,1
401620409,2024-09-01,22024,Regular Season,3,5,L,93,100,0
401620411,2024-09-01,22024,Regular Season,11,17,L,79,97,0
401620410,2024-09-01,22024,Regular Season,6,20,L,62,80,0
401620412,2024-09-03,22024,Regular Season,18,14,L,64,71,0
401620413,2024-09-03,22024,Regular Season,3,16,L,86,90,0
401620414,2024-09-03,22024,Regular Season,17,19,W,90,71,1
401620415,2024-09-03,22024,Regular Season,11,20,W,74,66,1
401620416,2024-09-04,22024,Regular Season,5,6,W,93,86,1
401620417,2024-09-05,22024,Regular Season,9,14,W,77,70,1
401620418,2024-09-05,22024,Regular Season,11,16,L,77,90,0
401620419,2024-09-06,22024,Regular Season,20,3,W,107,96,1
401620420,2024-09-06,22024,Regular Season,18,17,L,67,72,0
401620421,2024-09-06,22024,Regular Season,5,8,L,88,99,0
401620422,2024-09-06,22024,Regular Season,19,6,W,92,78,1
401620423,2024-09-07,22024,Regular Season,14,11,W,90,66,1
401620424,2024-09-08,22024,Regular Season,16,8,L,71,78,0
401620425,2024-09-08,22024,Regular Season,5,20,W,104,100,1
401620426,2024-09-08,22024,Regular Season,9,17,W,75,71,1
401620427,2024-09-08,22024,Regular Season,19,3,W,92,77,1
401620428,2024-09-08,22024,Regular Season,6,18,L,67,79,0
401620429,2024-09-10,22024,Regular Season,20,8,L,64,76,0
401620430,2024-09-10,22024,Regular Season,3,9,L,91,105,0
401620431,2024-09-10,22024,Regular Season,6,18,L,66,86,0
401620432,2024-09-11,22024,Regular Season,5,17,L,75,86,0
401620433,2024-09-11,22024,Regular Season,19,16,L,58,89,0
401620434,2024-09-11,22024,Regular Season,6,14,L,82,90,0
401620435,2024-09-12,22024,Regular Season,3,9,L,67,99,0
401620436,2024-09-13,22024,Regular Season,20,16,L,69,72,0
401620437,2024-09-13,22024,Regular Season,5,17,L,74,78,0
401620438,2024-09-13,22024,Regular Season,3,14,L,81,83,0
401620439,2024-09-13,22024,Regular Season,8,19,W,83,66,1
401620440,2024-09-13,22024,Regular Season,11,18,L,69,88,0
401620441,2024-09-15,22024,Regular Season,5,3,W,110,109,1
401620442,2024-09-15,22024,Regular Season,9,8,L,79,88,0
401620443,2024-09-15,22024,Regular Season,16,20,L,73,76,0
401620444,2024-09-15,22024,Regular Season,19,11,L,88,93,0
401620445,2024-09-15,22024,Regular Season,17,18,W,84,71,1
401620446,2024-09-15,22024,Regular Season,14,6,W,90,87,1
401620447,2024-09-17,22024,Regular Season,18,8,L,76,78,0
401620448,2024-09-17,22024,Regular Season,16,9,L,71,87,0
401620449,2024-09-17,22024,Regular Season,20,19,W,86,70,1
401620451,2024-09-17,22024,Regular Season,14,17,L,72,85,0
401620450,2024-09-17,22024,Regular Season,6,11,L,81,85,0
401620452,2024-09-19,22024,Regular Season,18,19,W,87,54,1
401620453,2024-09-19,22024,Regular Season,9,20,L,67,78,0
401620454,2024-09-19,22024,Regular Season,16,5,W,92,91,1
401620455,2024-09-19,22024,Regular Season,8,6,L,51,68,0
401620456,2024-09-19,22024,Regular Season,17,3,W,98,84,1
401620457,2024-09-19,22024,Regular Season,11,14,L,70,89,0
401721255,2024-09-22,22024,Playoffs,9,20,W,83,69,1
401721253,2024-09-22,22024,Playoffs,18,5,W,93,69,1
401721261,2024-09-22,22024,Playoffs,8,11,W,102,95,1
401721256,2024-09-22,22024,Playoffs,17,14,W,78,67,1
401721258,2024-09-24,22024,Playoffs,9,20,W,91,82,1
401721262,2024-09-24,22024,Playoffs,17,14,W,83,76,1
401721254,2024-09-25,22024,Playoffs,18,5,W,87,81,1
401721260,2024-09-25,22024,Playoffs,8,11,W,101,88,1
401724938,2024-09-29,22024,Playoffs,9,17,W,87,77,1
401725075,2024-09-29,22024,Playoffs,8,18,L,70,73,0
401724939,2024-10-01,22024,Playoffs,9,17,W,88,84,1
401725076,2024-10-01,22024,Playoffs,8,18,W,77,70,1
401725077,2024-10-04,22024,Playoffs,18,8,L,81,90,0
401724940,2024-10-04,22024,Playoffs,17,9,W,95,81,1
401724941,2024-10-06,22024,Playoffs,17,9,L,62,76,0
401725078,2024-10-06,22024,Playoffs,18,8,W,92,82,1
401725079,2024-10-08,22024,Playoffs,8,18,W,88,77,1
401726988,2024-10-10,22024,Playoffs,9,8,L,93,95,0
401726989,2024-10-13,22024,Playoffs,9,8,W,80,66,1
401726990,2024-10-16,22024,Playoffs,8,9,L,77,80,0
401726991,2024-10-18,22024,Playoffs,8,9,W,82,80,1
401726992,2024-10-20,22024,Playoffs,9,8,W,67,62,1
401761558,2025-05-02,22025,Preseason,17,3,W,112,78,1
401761353,2025-05-03,22025,Preseason,5,16,W,79,74,1
401761349,2025-05-04,22025,Preseason,14,18,W,79,59,1
401761347,2025-05-06,22025,Preseason,19,8,W,74,69,1
401761351,2025-05-06,22025,Preseason,129689,6,L,82,83,0
401761355,2025-05-06,22025,Preseason,17,11,W,85,84,1
401761344,2025-05-07,22025,Preseason,16,20,L,70,80,0
401765028,2025-05-09,22025,Preseason,9,18,L,86,94,0
401761345,2025-05-10,22025,Preseason,20,5,L,76,81,0
401761348,2025-05-10,22025,Preseason,8,19,W,92,87,1
401761352,2025-05-11,22025,Preseason,11,129689,L,79,84,0
401736112,2025-05-16,22025,Regular Season,16,20,W,94,90,1
401736113,2025-05-16,22025,Regular Season,3,8,L,84,99,0
401736114,2025-05-16,22025,Regular Season,129689,6,L,67,84,0
401736116,2025-05-17,22025,Regular Season,9,17,W,92,78,1
401736115,2025-05-17,22025,Regular Season,5,19,W,93,58,1
401736117,2025-05-17,22025,Regular Season,11,14,W,81,59,1
401736118,2025-05-18,22025,Regular Season,18,16,L,85,90,0
401736119,2025-05-18,22025,Regular Season,6,8,L,75,89,0
401736120,2025-05-19,22025,Regular Season,3,14,L,71,79,0
401736121,2025-05-20,22025,Regular Season,18,17,L,62,87,0
401736122,2025-05-20,22025,Regular Season,5,20,L,90,91,0
401736123,2025-05-21,22025,Regular Season,8,3,W,85,81,1
401736124,2025-05-21,22025,Regular Season,129689,16,W,76,74,1
401736125,2025-05-21,22025,Regular Season,11,6,W,89,86,1
401736126,2025-05-22,22025,Regular Season,20,5,L,76,81,0
401736127,2025-05-22,22025,Regular Season,19,9,L,74,99,0
401736128,2025-05-23,22025,Regular Season,8,18,W,76,70,1
401736129,2025-05-23,22025,Regular Season,17,16,W,75,72,1
401736130,2025-05-23,22025,Regular Season,6,129689,L,73,82,0
401736131,2025-05-23,22025,Regular Season,14,11,W,77,70,1
401736132,2025-05-24,22025,Regular Season,5,9,L,88,90,0
401736133,2025-05-24,22025,Regular Season,20,3,W,83,75,1
401736134,2025-05-25,22025,Regular Season,20,18,W,79,55,1
401736135,2025-05-25,22025,Regular Season,6,19,W,91,78,1
401736136,2025-05-25,22025,Regular Season,11,16,W,68,62,1
401736137,2025-05-25,22025,Regular Season,14,17,W,102,82,1
401736138,2025-05-27,22025,Regular Season,18,3,L,87,109,0
401736139,2025-05-27,22025,Regular Season,9,129689,W,95,67,1
401736140,2025-05-27,22025,Regular Season,8,14,W,82,77,1
401736141,2025-05-27,22025,Regular Season,6,20,L,82,88,0
401736142,2025-05-27,22025,Regular Season,11,19,W,94,89,1
401736143,2025-05-28,22025,Regular Season,16,5,W,83,77,1
401736144,2025-05-29,22025,Regular Season,9,129689,W,82,77,1
401736145,2025-05-29,22025,Regular Season,19,3,W,97,92,1
401736146,2025-05-30,22025,Regular Season,5,18,L,83,85,0
401736147,2025-05-30,22025,Regular Season,16,9,L,63,85,0
401736148,2025-05-30,22025,Regular Season,17,6,W,96,81,1
401736149,2025-05-30,22025,Regular Season,11,8,L,71,74,0
401736150,2025-05-30,22025,Regular Season,14,20,L,87,94,0
401736151,2025-05-31,22025,Regular Season,3,19,L,83,94,0
401736152,2025-06-01,22025,Regular Season,9,18,W,100,52,1
401736153,2025-06-01,22025,Regular Season,6,11,L,80,85,0
401736154,2025-06-01,22025,Regular Season,14,17,L,70,75,0
401736155,2025-06-01,22025,Regular Season,129689,8,L,75,86,0
401736156,2025-06-03,22025,Regular Season,5,16,W,85,76,1
401736157,2025-06-03,22025,Regular Season,8,11,W,88,65,1
401736158,2025-06-03,22025,Regular Season,14,3,W,83,77,1
401736159,2025-06-05,22025,Regular Season,16,9,L,78,86,0
401736160,2025-06-05,22025,Regular Season,11,129689,W,86,77,1
401736161,2025-06-06,22025,Regular Season,18,20,W,84,76,1
401736162,2025-06-06,22025,Regular Season,3,6,L,79,93,0
401736163,2025-06-07,22025,Regular Season,129689,17,W,95,68,1
401736164,2025-06-07,22025,Regular Season,19,5,L,52,79,0
401736165,2025-06-07,22025,Regular Season,11,14,L,77,89,0
401736166,2025-06-08,22025,Regular Season,16,18,W,104,67,1
401736167,2025-06-08,22025,Regular Season,3,8,L,65,81,0
401736168,2025-06-09,22025,Regular Season,6,129689,L,81,89,0
401736169,2025-06-10,22025,Regular Season,20,5,W,77,58,1
401736170,2025-06-10,22025,Regular Season,9,19,W,85,66,1
401736171,2025-06-11,22025,Regular Season,17,6,L,89,97,0
401736172,2025-06-11,22025,Regular Season,11,3,W,93,80,1
401736173,2025-06-11,22025,Regular Season,14,8,W,94,84,1
401736174,2025-06-13,22025,Regular Season,20,19,W,88,70,1
401736175,2025-06-13,22025,Regular Season,17,3,W,88,84,1
401736176,2025-06-14,22025,Regular Season,8,6,W,101,78,1
401736177,2025-06-14,22025,Regular Season,5,9,W,102,88,1
401736178,2025-06-14,22025,Regular Season,129689,14,W,76,70,1
401736179,2025-06-15,22025,Regular Season,18,19,L,66,78,0
401736180,2025-06-15,22025,Regular Season,16,20,L,56,89,0
401736181,2025-06-15,22025,Regular Season,17,11,L,70,76,0
401736182,2025-06-17,22025,Regular Season,5,18,W,88,71,1
401736183,2025-06-17,22025,Regular Season,9,20,W,86,81,1
401736184,2025-06-17,22025,Regular Season,19,16,L,72,79,0
401736185,2025-06-17,22025,Regular Season,3,129689,W,80,71,1
401736186,2025-06-17,22025,Regular Season,8,17,W,76,62,1
401736187,2025-06-17,22025,Regular Season,6,14,L,67,98,0
401736188,2025-06-18,22025,Regular Season,18,11,L,75,83,0
401736189,2025-06-19,22025,Regular Season,9,11,L,81,89,0
401736190,2025-06-19,22025,Regular Season,129689,5,W,88,77,1
401736191,2025-06-20,22025,Regular Season,20,16,W,92,91,1
401736192,2025-06-20,22025,Regular Season,18,3,L,83,86,0
401736193,2025-06-20,22025,Regular Season,17,14,L,83,90,0
401736194,2025-06-21,22025,Regular Season,19,11,L,86,107,0
401736195,2025-06-21,22025,Regular Season,8,6,W,82,66,1
401736196,2025-06-22,22025,Regular Season,20,19,W,93,80,1
401736197,2025-06-22,22025,Regular Season,16,3,W,91,88,1
401736198,2025-06-22,22025,Regular Season,17,5,W,89,81,1
401736199,2025-06-22,22025,Regular Season,14,9,W,89,79,1
401736200,2025-06-22,22025,Regular Season,129689,18,W,87,63,1
401736201,2025-06-24,22025,Regular Season,16,8,W,68,64,1
401736202,2025-06-24,22025,Regular Season,19,6,W,97,86,1
401736203,2025-06-24,22025,Regular Season,3,20,W,68,55,1
401736204,2025-06-24,22025,Regular Season,14,5,L,86,94,0
401736205,2025-06-25,22025,Regular Season,129689,9,L,78,81,0
401736206,2025-06-25,22025,Regular Season,17,18,W,85,59,1
401736207,2025-06-26,22025,Regular Season,5,6,L,75,85,0
401736208,2025-06-26,22025,Regular Season,17,16,L,83,94,0
401736209,2025-06-27,22025,Regular Season,20,8,L,92,96,0
401736210,2025-06-27,22025,Regular Season,3,5,L,86,94,0
401736211,2025-06-27,22025,Regular Season,129689,19,W,83,78,1
401736212,2025-06-27,22025,Regular Season,11,9,W,106,91,1
401736213,2025-06-27,22025,Regular Season,14,18,W,97,81,1
401736214,2025-06-28,22025,Regular Season,3,16,W,79,71,1
401736215,2025-06-29,22025,Regular Season,20,9,W,90,81,1
401736216,2025-06-29,22025,Regular Season,6,19,L,85,92,0
401736217,2025-06-29,22025,Regular Season,11,17,L,81,84,0
401736218,2025-06-29,22025,Regular Season,8,18,W,102,63,1
401736219,2025-06-29,22025,Regular Season,129689,14,W,84,57,1
401736430,2025-07-01,22025,Regular Season,8,5,L,59,74,0
401736220,2025-07-03,22025,Regular Season,5,17,W,81,54,1
401736221,2025-07-03,22025,Regular Season,9,6,W,89,79,1
401736222,2025-07-03,22025,Regular Season,20,14,L,79,80,0
401736223,2025-07-03,22025,Regular Season,3,11,W,98,89,1
401736224,2025-07-03,22025,Regular Season,8,16,W,92,75,1
401736225,2025-07-05,22025,Regular Season,5,6,L,87,89,0
401736226,2025-07-05,22025,Regular Season,8,129689,W,82,71,1
401736228,2025-07-06,22025,Regular Season,9,14,L,70,79,0
401736227,2025-07-06,22025,Regular Season,18,17,L,68,86,0
401736229,2025-07-06,22025,Regular Season,8,19,W,80,75,1
401736230,2025-07-07,22025,Regular Season,20,129689,W,90,81,1
401736231,2025-07-07,22025,Regular Season,11,3,W,102,72,1
401736232,2025-07-08,22025,Regular Season,16,19,W,81,79,1
401736233,2025-07-08,22025,Regular Season,9,17,W,87,78,1
401736234,2025-07-09,22025,Regular Season,18,14,W,93,83,1
401736235,2025-07-09,22025,Regular Season,5,129689,L,61,80,0
401736236,2025-07-09,22025,Regular Season,11,8,W,79,71,1
401736237,2025-07-09,22025,Regular Season,19,3,W,87,76,1
401736238,2025-07-10,22025,Regular Season,6,8,L,82,91,0
401736239,2025-07-10,22025,Regular Season,16,17,W,70,68,1
401736240,2025-07-11,22025,Regular Season,5,20,W,99,82,1
401736241,2025-07-11,22025,Regular Season,14,18,W,79,65,1
401736242,2025-07-12,22025,Regular Season,19,8,W,87,81,1
401736243,2025-07-12,22025,Regular Season,17,129689,W,104,102,1
401736244,2025-07-13,22025,Regular Season,5,3,W,102,83,1
401736245,2025-07-13,22025,Regular Season,9,20,W,79,72,1
401736246,2025-07-13,22025,Regular Season,6,18,W,92,88,1
401736247,2025-07-13,22025,Regular Season,14,16,L,69,74,0
401736248,2025-07-14,22025,Regular Season,19,8,L,78,91,0
401736249,2025-07-14,22025,Regular Season,129689,11,L,77,78,0
401736250,2025-07-15,22025,Regular Season,18,5,L,77,85,0
401736251,2025-07-15,22025,Regular Season,6,16,W,99,80,1
401736252,2025-07-16,22025,Regular Season,19,20,L,49,86,0
401736253,2025-07-16,22025,Regular Season,8,11,W,79,66,1
401736254,2025-07-16,22025,Regular Season,14,129689,W,67,58,1
401736255,2025-07-16,22025,Regular Season,9,5,W,98,77,1
401736256,2025-07-16,22025,Regular Season,3,17,L,86,90,0
401736257,2025-07-22,22025,Regular Season,16,6,L,86,93,0
401736258,2025-07-22,22025,Regular Season,9,5,W,98,84,1
401736259,2025-07-22,22025,Regular Season,8,19,W,91,68,1
401736260,2025-07-22,22025,Regular Season,17,20,W,87,72,1
401736261,2025-07-22,22025,Regular Season,14,3,L,63,87,0
401736262,2025-07-23,22025,Regular Season,11,20,L,79,90,0
401736263,2025-07-24,22025,Regular Season,18,6,L,86,101,0
401736264,2025-07-24,22025,Regular Season,5,17,W,80,70,1
401736265,2025-07-24,22025,Regular Season,19,14,L,57,95,0
401736266,2025-07-25,22025,Regular Season,9,11,W,89,76,1
401736267,2025-07-25,22025,Regular Season,8,17,W,109,78,1
401736268,2025-07-25,22025,Regular Season,129689,3,W,86,76,1
401736270,2025-07-26,22025,Regular Season,9,6,L,99,101,0
401736271,2025-07-26,22025,Regular Season,16,14,W,69,58,1
401736272,2025-07-27,22025,Regular Season,18,129689,W,95,64,1
401736269,2025-07-27,22025,Regular Season,19,5,L,78,93,0
401736273,2025-07-27,22025,Regular Season,3,17,L,80,106,0
401736274,2025-07-27,22025,Regular Season,16,11,L,72,88,0
401736275,2025-07-27,22025,Regular Season,8,20,L,86,90,0
401736276,2025-07-28,22025,Regular Season,18,14,L,85,101,0
401736277,2025-07-28,22025,Regular Season,3,9,W,92,82,1
401736278,2025-07-29,22025,Regular Season,20,129689,L,75,77,0
401736279,2025-07-29,22025,Regular Season,16,19,W,103,86,1
401736280,2025-07-29,22025,Regular Season,6,17,L,74,89,0
401736281,2025-07-30,22025,Regular Season,5,11,W,107,101,1
401736282,2025-07-30,22025,Regular Season,3,20,L,85,88,0
401736283,2025-07-30,22025,Regular Season,8,9,W,100,93,1
401736284,2025-07-31,22025,Regular Season,16,129689,L,67,68,0
401736285,2025-08-01,22025,Regular Season,20,11,W,95,72,1
401736286,2025-08-01,22025,Regular Season,18,9,W,78,62,1
401736287,2025-08-01,22025,Regular Season,19,129689,L,66,73,0
401736288,2025-08-01,22025,Regular Season,3,5,L,78,88,0
401736289,2025-08-01,22025,Regular Season,14,6,L,106,108,0
401736290,2025-08-02,22025,Regular Season,17,8,L,58,111,0
401736292,2025-08-03,22025,Regular Season,18,9,L,78,87,0
401736291,2025-08-03,22025,Regular Season,20,16,W,99,83,1
401736295,2025-08-03,22025,Regular Season,14,5,L,74,78,0
401736293,2025-08-03,22025,Regular Season,19,11,L,67,83,0
401736294,2025-08-03,22025,Regular Season,17,129689,W,101,77,1
401736296,2025-08-05,22025,Regular Season,9,3,W,85,76,1
401736297,2025-08-05,22025,Regular Season,19,16,W,78,64,1
401736298,2025-08-05,22025,Regular Season,6,5,W,100,91,1
401736299,2025-08-05,22025,Regular Season,11,18,W,82,66,1
401736300,2025-08-05,22025,Regular Season,14,8,L,87,91,0
401736301,2025-08-06,22025,Regular Season,129689,17,L,72,78,0
401736302,2025-08-07,22025,Regular Season,19,20,L,65,86,0
401736303,2025-08-07,22025,Regular Season,6,18,W,102,91,1
401736304,2025-08-07,22025,Regular Season,11,5,W,95,60,1
401736305,2025-08-08,22025,Regular Season,3,9,L,77,88,0
401736306,2025-08-08,22025,Regular Season,8,16,W,80,76,1
401736307,2025-08-08,22025,Regular Season,17,14,W,90,86,1
401736309,2025-08-09,22025,Regular Season,5,19,W,92,70,1
401736308,2025-08-09,22025,Regular Season,129689,6,W,72,59,1
401736310,2025-08-10,22025,Regular Season,9,8,L,71,83,0
401736311,2025-08-10,22025,Regular Season,3,16,L,78,91,0
401736313,2025-08-10,22025,Regular Season,11,20,L,66,74,0
401736312,2025-08-10,22025,Regular Season,6,14,W,94,91,1
401736314,2025-08-10,22025,Regular Season,17,18,W,94,86,1
401736315,2025-08-11,22025,Regular Season,129689,18,W,74,57,1
401736316,2025-08-12,22025,Regular Season,5,3,L,80,81,0
401736317,2025-08-12,22025,Regular Season,6,9,L,97,105,0
401736318,2025-08-13,22025,Regular Season,18,19,W,71,62,1
401736319,2025-08-13,22025,Regular Season,16,129689,L,83,88,0
401736320,2025-08-13,22025,Regular Season,17,9,W,83,77,1
401736321,2025-08-13,22025,Regular Season,14,20,L,75,85,0
401736322,2025-08-15,22025,Regular Season,5,16,L,84,88,0
401736323,2025-08-15,22025,Regular Season,19,129689,L,59,90,0
401736324,2025-08-15,22025,Regular Season,3,6,L,96,97,0
401736325,2025-08-15,22025,Regular Season,20,14,L,78,80,0
401736326,2025-08-15,22025,Regular Season,11,17,L,83,86,0
401736327,2025-08-16,22025,Regular Season,8,9,W,86,80,1
401736329,2025-08-17,22025,Regular Season,18,5,L,93,99,0
401736328,2025-08-17,22025,Regular Season,16,6,W,95,86,1
401736330,2025-08-17,22025,Regular Season,17,3,W,106,87,1
401736331,2025-08-17,22025,Regular Season,14,11,L,82,85,0
401736332,2025-08-17,22025,Regular Season,129689,20,L,63,79,0
401736333,2025-08-19,22025,Regular Season,9,8,W,85,75,1
401736334,2025-08-19,22025,Regular Season,16,18,L,69,80,0
401736335,2025-08-19,22025,Regular Season,19,14,L,88,94,0
401736336,2025-08-19,22025,Regular Season,17,20,W,74,72,1
401736337,2025-08-19,22025,Regular Season,129689,11,L,91,98,0
401736338,2025-08-20,22025,Regular Season,6,3,W,81,80,1
401736339,2025-08-21,22025,Regular Season,18,16,W,67,56,1
401736340,2025-08-21,22025,Regular Season,9,19,L,85,91,0
401736341,2025-08-21,22025,Regular Season,20,8,W,75,73,1
401736342,2025-08-21,22025,Regular Season,17,11,W,83,61,1
401736343,2025-08-22,22025,Regular Season,5,8,L,90,95,0
401736344,2025-08-22,22025,Regular Season,3,14,L,60,95,0
401736345,2025-08-22,22025,Regular Season,11,129689,W,81,72,1
401736346,2025-08-23,22025,Regular Season,20,9,W,78,62,1
401736347,2025-08-23,22025,Regular Season,16,17,L,81,91,0
401736348,2025-08-23,22025,Regular Season,19,18,L,84,94,0
401736349,2025-08-24,22025,Regular Season,16,14,L,82,84,0
401736350,2025-08-24,22025,Regular Season,3,129689,L,81,90,0
401736351,2025-08-24,22025,Regular Season,8,5,W,97,84,1
401736352,2025-08-25,22025,Regular Season,9,18,W,81,79,1
401736353,2025-08-25,22025,Regular Season,19,17,L,74,79,0
401736354,2025-08-26,22025,Regular Season,5,14,W,95,75,1
401736355,2025-08-26,22025,Regular Season,6,11,L,84,92,0
401736356,2025-08-27,22025,Regular Season,20,17,L,75,81,0
401736357,2025-08-27,22025,Regular Season,3,18,L,95,101,0
401736358,2025-08-28,22025,Regular Season,9,16,W,89,63,1
401736359,2025-08-28,22025,Regular Season,8,14,L,79,93,0
401736360,2025-08-28,22025,Regular Season,11,19,W,83,79,1
401736361,2025-08-29,22025,Regular Season,20,3,W,100,78,1
401736362,2025-08-29,22025,Regular Season,6,5,L,75,76,0
401736363,2025-08-30,22025,Regular Season,18,8,L,70,94,0
401736364,2025-08-30,22025,Regular Season,129689,16,W,99,62,1
401736365,2025-08-30,22025,Regular Season,14,19,W,79,69,1
401736366,2025-08-30,22025,Regular Season,11,9,W,80,63,1
401736367,2025-08-31,22025,Regular Season,6,16,W,81,78,1
401736368,2025-08-31,22025,Regular Season,129689,5,W,75,63,1
401736369,2025-09-01,22025,Regular Season,18,20,L,76,93,0
401736370,2025-09-01,22025,Regular Season,8,3,W,96,71,1
401736371,2025-09-01,22025,Regular Season,14,6,L,85,91,0
401736372,2025-09-02,22025,Regular Season,129689,9,W,66,58,1
401736373,2025-09-02,22025,Regular Season,11,5,W,85,79,1
401736374,2025-09-03,22025,Regular Season,20,6,W,86,75,1
401736375,2025-09-03,22025,Regular Season,19,18,W,88,64,1
401736376,2025-09-04,22025,Regular Season,16,11,L,69,75,0
401736377,2025-09-04,22025,Regular Season,129689,3,W,84,80,1
401736378,2025-09-04,22025,Regular Season,17,8,W,97,87,1
401736379,2025-09-05,22025,Regular Season,20,6,W,104,85,1
401736380,2025-09-05,22025,Regular Season,5,19,W,97,77,1
401736381,2025-09-05,22025,Regular Season,14,9,L,76,84,0
401736382,2025-09-06,22025,Regular Season,18,11,W,87,84,1
401736383,2025-09-06,22025,Regular Season,129689,8,L,72,78,0
401736384,2025-09-07,22025,Regular Season,16,5,L,65,94,0
401736385,2025-09-07,22025,Regular Season,6,3,W,91,77,1
401736386,2025-09-07,22025,Regular Season,17,19,W,80,66,1
401736387,2025-09-08,22025,Regular Season,20,18,W,87,62,1
401736388,2025-09-09,22025,Regular Season,9,16,W,75,66,1
401736389,2025-09-09,22025,Regular Season,5,8,W,83,72,1
401736390,2025-09-09,22025,Regular Season,17,19,W,92,61,1
401736391,2025-09-09,22025,Regular Season,11,6,L,83,88,0
401736392,2025-09-09,22025,Regular Season,14,129689,W,74,73,1
401736393,2025-09-10,22025,Regular Season,18,20,L,72,88,0
401736394,2025-09-11,22025,Regular Season,19,9,L,86,91,0
401736395,2025-09-11,22025,Regular Season,3,11,W,97,76,1
401736396,2025-09-11,22025,Regular Season,8,129689,W,72,53,1
401736397,2025-09-11,22025,Regular Season,6,17,L,75,103,0
401820272,2025-09-14,22025,Playoffs,8,129689,W,101,72,1
401820313,2025-09-14,22025,Playoffs,20,5,W,80,68,1
401820314,2025-09-14,22025,Playoffs,11,9,L,69,76,0
401820315,2025-09-14,22025,Playoffs,17,14,W,102,77,1
401820316,2025-09-16,22025,Playoffs,5,20,W,77,60,1
401820317,2025-09-16,22025,Playoffs,14,17,W,86,83,1
401820318,2025-09-17,22025,Playoffs,9,11,L,60,86,0
401820319,2025-09-17,22025,Playoffs,129689,8,L,74,75,0
401820320,2025-09-18,22025,Playoffs,20,5,L,85,87,0
401820321,2025-09-18,22025,Playoffs,17,14,W,74,73,1
401820324,2025-09-19,22025,Playoffs,11,9,W,79,73,1
401820327,2025-09-21,22025,Playoffs,17,5,L,73,89,0
401820328,2025-09-21,22025,Playoffs,8,11,W,82,69,1
401820330,2025-09-23,22025,Playoffs,8,11,L,83,89,0
401820331,2025-09-23,22025,Playoffs,17,5,W,90,68,1
401820334,2025-09-26,22025,Playoffs,5,17,L,72,84,0
401820333,2025-09-26,22025,Playoffs,11,8,W,84,76,1
401820337,2025-09-28,22025,Playoffs,5,17,W,90,83,1
401820338,2025-09-28,22025,Playoffs,11,8,W,86,81,1
401820340,2025-09-30,22025,Playoffs,17,5,W,107,98,1
401820322,2025-10-03,22025,Playoffs,17,11,W,89,86,1
401820325,2025-10-05,22025,Playoffs,17,11,W,91,78,1
401820326,2025-10-08,22025,Playoffs,11,17,L,88,90,0
401820329,2025-10-10,22025,Playoffs,11,17,L,86,97,0
